payment_id,customer_id,staff_id,rental_id,amount,payment_date,last_update
1,1,1,76,2.99,5/25/2005 11:30,2/15/2006 22:12
2,1,1,573,0.99,5/28/2005 10:35,2/15/2006 22:12
3,1,1,1185,5.99,6/15/2005 0:54,2/15/2006 22:12
4,1,2,1422,0.99,6/15/2005 18:02,2/15/2006 22:12
5,1,2,1476,9.99,6/15/2005 21:08,2/15/2006 22:12
6,1,1,1725,4.99,6/16/2005 15:18,2/15/2006 22:12
7,1,1,2308,4.99,6/18/2005 8:41,2/15/2006 22:12
8,1,2,2363,0.99,6/18/2005 13:33,2/15/2006 22:12
9,1,1,3284,3.99,6/21/2005 6:24,2/15/2006 22:12
10,1,2,4526,5.99,7/8/2005 3:17,2/15/2006 22:12
11,1,1,4611,5.99,7/8/2005 7:33,2/15/2006 22:12
12,1,1,5244,4.99,7/9/2005 13:24,2/15/2006 22:12
13,1,1,5326,4.99,7/9/2005 16:38,2/15/2006 22:12
14,1,1,6163,7.99,7/11/2005 10:13,2/15/2006 22:12
15,1,2,7273,2.99,7/27/2005 11:31,2/15/2006 22:12
16,1,1,7841,4.99,7/28/2005 9:04,2/15/2006 22:12
17,1,2,8033,4.99,7/28/2005 16:18,2/15/2006 22:12
18,1,1,8074,0.99,7/28/2005 17:33,2/15/2006 22:12
19,1,2,8116,0.99,7/28/2005 19:20,2/15/2006 22:12
20,1,2,8326,2.99,7/29/2005 3:58,2/15/2006 22:12
21,1,2,9571,2.99,7/31/2005 2:42,2/15/2006 22:12
22,1,2,10437,4.99,8/1/2005 8:51,2/15/2006 22:12
23,1,2,11299,3.99,8/2/2005 15:36,2/15/2006 22:12
24,1,1,11367,0.99,8/2/2005 18:01,2/15/2006 22:12
25,1,2,11824,4.99,8/17/2005 12:37,2/15/2006 22:12
26,1,1,12250,0.99,8/18/2005 3:57,2/15/2006 22:12
27,1,2,13068,0.99,8/19/2005 9:55,2/15/2006 22:12
28,1,2,13176,2.99,8/19/2005 13:56,2/15/2006 22:12
29,1,1,14762,0.99,8/21/2005 23:33,2/15/2006 22:12
30,1,1,14825,1.99,8/22/2005 1:27,2/15/2006 22:12
31,1,2,15298,2.99,8/22/2005 19:41,2/15/2006 22:12
32,1,1,15315,5.99,8/22/2005 20:03,2/15/2006 22:12
33,2,1,320,4.99,5/27/2005 0:09,2/15/2006 22:12
34,2,1,2128,2.99,6/17/2005 20:54,2/15/2006 22:12
35,2,1,5636,2.99,7/10/2005 6:31,2/15/2006 22:12
36,2,1,5755,6.99,7/10/2005 12:38,2/15/2006 22:12
37,2,2,7346,4.99,7/27/2005 14:30,2/15/2006 22:12
38,2,1,7376,5.99,7/27/2005 15:23,2/15/2006 22:12
39,2,2,7459,5.99,7/27/2005 18:40,2/15/2006 22:12
40,2,2,8230,5.99,7/29/2005 0:12,2/15/2006 22:12
41,2,1,8598,2.99,7/29/2005 12:56,2/15/2006 22:12
42,2,2,8705,5.99,7/29/2005 17:14,2/15/2006 22:12
43,2,1,9031,4.99,7/30/2005 6:06,2/15/2006 22:12
44,2,2,9236,10.99,7/30/2005 13:47,2/15/2006 22:12
45,2,2,9248,0.99,7/30/2005 14:14,2/15/2006 22:12
46,2,2,9296,6.99,7/30/2005 16:21,2/15/2006 22:12
47,2,2,9465,6.99,7/30/2005 22:39,2/15/2006 22:12
48,2,1,10136,2.99,7/31/2005 21:58,2/15/2006 22:12
49,2,1,10466,0.99,8/1/2005 9:45,2/15/2006 22:12
50,2,1,10918,0.99,8/2/2005 2:10,2/15/2006 22:12
51,2,1,11087,5.99,8/2/2005 7:41,2/15/2006 22:12
52,2,1,11177,6.99,8/2/2005 10:43,2/15/2006 22:12
53,2,2,11256,2.99,8/2/2005 13:44,2/15/2006 22:12
54,2,1,11614,2.99,8/17/2005 3:52,2/15/2006 22:12
55,2,1,12963,2.99,8/19/2005 6:26,2/15/2006 22:12
56,2,1,14475,4.99,8/21/2005 13:24,2/15/2006 22:12
57,2,2,14743,5.99,8/21/2005 22:41,2/15/2006 22:12
58,2,2,15145,4.99,8/22/2005 13:53,2/15/2006 22:12
59,2,2,15907,4.99,8/23/2005 17:39,2/15/2006 22:12
60,3,1,435,1.99,5/27/2005 17:17,2/15/2006 22:12
61,3,1,830,2.99,5/29/2005 22:43,2/15/2006 22:12
62,3,1,1546,8.99,6/16/2005 1:34,2/15/2006 22:12
63,3,1,1726,6.99,6/16/2005 15:19,2/15/2006 22:12
64,3,2,1911,6.99,6/17/2005 5:15,2/15/2006 22:12
65,3,1,2628,2.99,6/19/2005 8:34,2/15/2006 22:12
66,3,1,4180,4.99,7/7/2005 10:23,2/15/2006 22:12
67,3,1,4725,4.99,7/8/2005 12:47,2/15/2006 22:12
68,3,1,7096,5.99,7/27/2005 4:54,2/15/2006 22:12
69,3,2,7503,10.99,7/27/2005 20:23,2/15/2006 22:12
70,3,2,7703,7.99,7/28/2005 3:59,2/15/2006 22:12
71,3,2,7724,6.99,7/28/2005 4:46,2/15/2006 22:12
72,3,1,7911,4.99,7/28/2005 11:46,2/15/2006 22:12
73,3,2,8086,4.99,7/28/2005 18:17,2/15/2006 22:12
74,3,1,8545,2.99,7/29/2005 11:07,2/15/2006 22:12
75,3,1,9226,1.99,7/30/2005 13:31,2/15/2006 22:12
76,3,2,9443,3.99,7/30/2005 21:45,2/15/2006 22:12
77,3,1,9595,2.99,7/31/2005 3:27,2/15/2006 22:12
78,3,2,9816,4.99,7/31/2005 11:32,2/15/2006 22:12
79,3,2,10597,5.99,8/1/2005 14:19,2/15/2006 22:12
80,3,2,12556,4.99,8/18/2005 14:49,2/15/2006 22:12
81,3,1,13403,8.99,8/19/2005 22:18,2/15/2006 22:12
82,3,2,13610,2.99,8/20/2005 6:14,2/15/2006 22:12
83,3,2,14699,8.99,8/21/2005 20:50,2/15/2006 22:12
84,3,2,15038,0.99,8/22/2005 9:37,2/15/2006 22:12
85,3,1,15619,2.99,8/23/2005 7:10,2/15/2006 22:12
86,4,1,1297,4.99,6/15/2005 9:31,2/15/2006 22:12
87,4,1,1633,0.99,6/16/2005 8:08,2/15/2006 22:12
88,4,2,1707,2.99,6/16/2005 14:01,2/15/2006 22:12
89,4,2,1735,0.99,6/16/2005 15:51,2/15/2006 22:12
90,4,2,2043,0.99,6/17/2005 14:31,2/15/2006 22:12
91,4,1,2642,5.99,6/19/2005 9:39,2/15/2006 22:12
92,4,1,7660,2.99,7/28/2005 2:10,2/15/2006 22:12
93,4,2,7718,2.99,7/28/2005 4:37,2/15/2006 22:12
94,4,1,8741,3.99,7/29/2005 18:44,2/15/2006 22:12
95,4,1,9100,5.99,7/30/2005 8:46,2/15/2006 22:12
96,4,1,9371,5.99,7/30/2005 18:58,2/15/2006 22:12
97,4,2,11069,0.99,8/2/2005 7:09,2/15/2006 22:12
98,4,1,11110,2.99,8/2/2005 8:20,2/15/2006 22:12
99,4,2,11529,4.99,8/17/2005 0:28,2/15/2006 22:12
100,4,1,12151,2.99,8/18/2005 0:14,2/15/2006 22:12
101,4,2,12294,8.99,8/18/2005 5:14,2/15/2006 22:12
102,4,2,12856,1.99,8/19/2005 2:19,2/15/2006 22:12
103,4,1,13704,2.99,8/20/2005 9:32,2/15/2006 22:12
104,4,1,13807,6.99,8/20/2005 12:55,2/15/2006 22:12
105,4,2,14225,4.99,8/21/2005 4:53,2/15/2006 22:12
106,4,1,15147,2.99,8/22/2005 13:58,2/15/2006 22:12
107,4,2,15635,1.99,8/23/2005 7:43,2/15/2006 22:12
108,5,1,731,0.99,5/29/2005 7:25,2/15/2006 22:12
109,5,1,1085,6.99,5/31/2005 11:15,2/15/2006 22:12
110,5,1,1142,1.99,5/31/2005 19:46,2/15/2006 22:12
111,5,1,1502,3.99,6/15/2005 22:03,2/15/2006 22:12
112,5,2,1631,2.99,6/16/2005 8:01,2/15/2006 22:12
113,5,2,2063,4.99,6/17/2005 15:56,2/15/2006 22:12
114,5,2,2570,2.99,6/19/2005 4:20,2/15/2006 22:12
115,5,2,3126,4.99,6/20/2005 18:38,2/15/2006 22:12
116,5,2,3677,4.99,7/6/2005 9:11,2/15/2006 22:12
117,5,2,4889,2.99,7/8/2005 20:04,2/15/2006 22:12
118,5,1,5016,4.99,7/9/2005 1:57,2/15/2006 22:12
119,5,2,5118,5.99,7/9/2005 7:13,2/15/2006 22:12
120,5,2,5156,1.99,7/9/2005 8:51,2/15/2006 22:12
121,5,2,5721,0.99,7/10/2005 11:09,2/15/2006 22:12
122,5,1,6042,8.99,7/11/2005 3:17,2/15/2006 22:12
123,5,1,6663,3.99,7/12/2005 11:27,2/15/2006 22:12
124,5,2,6685,4.99,7/12/2005 12:16,2/15/2006 22:12
125,5,2,7293,0.99,7/27/2005 12:37,2/15/2006 22:12
126,5,2,7652,0.99,7/28/2005 1:50,2/15/2006 22:12
127,5,2,7829,3.99,7/28/2005 8:43,2/15/2006 22:12
128,5,1,8263,2.99,7/29/2005 1:11,2/15/2006 22:12
129,5,1,8978,1.99,7/30/2005 4:14,2/15/2006 22:12
130,5,1,9493,4.99,7/30/2005 23:52,2/15/2006 22:12
131,5,1,9888,3.99,7/31/2005 14:00,2/15/2006 22:12
132,5,2,10609,4.99,8/1/2005 14:48,2/15/2006 22:12
133,5,1,10625,0.99,8/1/2005 15:27,2/15/2006 22:12
134,5,2,11001,4.99,8/2/2005 4:56,2/15/2006 22:12
135,5,1,11179,4.99,8/2/2005 10:50,2/15/2006 22:12
136,5,2,11930,3.99,8/17/2005 16:28,2/15/2006 22:12
137,5,1,12145,9.99,8/18/2005 0:10,2/15/2006 22:12
138,5,1,12797,2.99,8/19/2005 0:24,2/15/2006 22:12
139,5,1,13063,1.99,8/19/2005 9:45,2/15/2006 22:12
140,5,2,13877,0.99,8/20/2005 15:16,2/15/2006 22:12
141,5,2,14053,6.99,8/20/2005 22:13,2/15/2006 22:12
142,5,1,14430,6.99,8/21/2005 11:31,2/15/2006 22:12
143,5,2,14494,2.99,8/21/2005 14:02,2/15/2006 22:12
144,5,2,15232,0.99,8/22/2005 17:37,2/15/2006 22:12
145,5,2,13209,0.99,2/14/2006 15:16,2/15/2006 22:12
146,6,2,57,4.99,5/25/2005 8:43,2/15/2006 22:12
147,6,1,577,2.99,5/28/2005 11:09,2/15/2006 22:12
148,6,2,916,0.99,5/30/2005 11:25,2/15/2006 22:12
149,6,1,1575,3.99,6/16/2005 3:41,2/15/2006 22:12
150,6,2,1841,2.99,6/16/2005 23:44,2/15/2006 22:12
151,6,1,1966,0.99,6/17/2005 9:19,2/15/2006 22:12
152,6,1,2345,0.99,6/18/2005 12:03,2/15/2006 22:12
153,6,2,3983,0.99,7/6/2005 23:14,2/15/2006 22:12
154,6,2,4278,2.99,7/7/2005 14:53,2/15/2006 22:12
155,6,1,5553,0.99,7/10/2005 3:03,2/15/2006 22:12
156,6,2,6211,5.99,7/11/2005 12:39,2/15/2006 22:12
157,6,1,6248,7.99,7/11/2005 15:01,2/15/2006 22:12
158,6,2,6686,0.99,7/12/2005 12:18,2/15/2006 22:12
159,6,2,7099,2.99,7/27/2005 5:03,2/15/2006 22:12
160,6,2,7136,2.99,7/27/2005 6:38,2/15/2006 22:12
161,6,1,8101,0.99,7/28/2005 18:47,2/15/2006 22:12
162,6,1,10271,2.99,8/1/2005 3:13,2/15/2006 22:12
163,6,1,11023,2.99,8/2/2005 5:36,2/15/2006 22:12
164,6,1,11398,3.99,8/2/2005 18:55,2/15/2006 22:12
165,6,1,11591,6.99,8/17/2005 2:29,2/15/2006 22:12
166,6,1,11727,0.99,8/17/2005 8:12,2/15/2006 22:12
167,6,1,11853,0.99,8/17/2005 13:39,2/15/2006 22:12
168,6,2,12254,2.99,8/18/2005 4:05,2/15/2006 22:12
169,6,2,13451,6.99,8/20/2005 0:18,2/15/2006 22:12
170,6,1,14329,7.99,8/21/2005 8:22,2/15/2006 22:12
171,6,1,14377,4.99,8/21/2005 9:49,2/15/2006 22:12
172,6,1,15509,5.99,8/23/2005 2:51,2/15/2006 22:12
173,6,2,15603,0.99,8/23/2005 6:41,2/15/2006 22:12
174,7,2,46,5.99,5/25/2005 6:04,2/15/2006 22:12
175,7,2,117,0.99,5/25/2005 19:30,2/15/2006 22:12
176,7,2,748,2.99,5/29/2005 9:27,2/15/2006 22:12
177,7,1,975,4.99,5/30/2005 21:07,2/15/2006 22:12
178,7,1,1063,5.99,5/31/2005 8:44,2/15/2006 22:12
179,7,2,1810,0.99,6/16/2005 21:06,2/15/2006 22:12
180,7,1,2250,2.99,6/18/2005 5:03,2/15/2006 22:12
181,7,1,2709,0.99,6/19/2005 14:00,2/15/2006 22:12
182,7,1,2888,4.99,6/20/2005 1:50,2/15/2006 22:12
183,7,1,3007,0.99,6/20/2005 10:11,2/15/2006 22:12
184,7,2,3639,5.99,7/6/2005 7:09,2/15/2006 22:12
185,7,2,4238,2.99,7/7/2005 13:22,2/15/2006 22:12
186,7,2,4787,5.99,7/8/2005 16:16,2/15/2006 22:12
187,7,1,4856,4.99,7/8/2005 18:47,2/15/2006 22:12
188,7,1,5441,8.99,7/9/2005 21:52,2/15/2006 22:12
189,7,1,5921,7.99,7/10/2005 21:35,2/15/2006 22:12
190,7,1,6174,1.99,7/11/2005 10:36,2/15/2006 22:12
191,7,1,6295,2.99,7/11/2005 17:30,2/15/2006 22:12
192,7,2,6761,3.99,7/12/2005 15:17,2/15/2006 22:12
193,7,2,8422,5.99,7/29/2005 7:02,2/15/2006 22:12
194,7,2,9624,7.99,7/31/2005 4:30,2/15/2006 22:12
195,7,2,10330,6.99,8/1/2005 4:57,2/15/2006 22:12
196,7,1,10423,5.99,8/1/2005 8:19,2/15/2006 22:12
197,7,1,10514,4.99,8/1/2005 11:39,2/15/2006 22:12
198,7,2,10644,4.99,8/1/2005 15:52,2/15/2006 22:12
199,7,2,10989,3.99,8/2/2005 4:40,2/15/2006 22:12
200,7,2,11542,7.99,8/17/2005 0:51,2/15/2006 22:12
201,7,1,12367,8.99,8/18/2005 7:57,2/15/2006 22:12
202,7,1,12730,2.99,8/18/2005 21:55,2/15/2006 22:12
203,7,2,13373,2.99,8/19/2005 21:23,2/15/2006 22:12
204,7,1,13476,2.99,8/20/2005 1:06,2/15/2006 22:12
205,7,1,13594,0.99,8/20/2005 5:53,2/15/2006 22:12
206,7,1,14222,5.99,8/21/2005 4:49,2/15/2006 22:12
207,8,2,866,6.99,5/30/2005 3:43,2/15/2006 22:12
208,8,2,1305,2.99,6/15/2005 9:59,2/15/2006 22:12
209,8,1,2095,5.99,6/17/2005 18:21,2/15/2006 22:12
210,8,2,3114,4.99,6/20/2005 17:57,2/15/2006 22:12
211,8,1,3475,5.99,7/5/2005 23:01,2/15/2006 22:12
212,8,1,4003,0.99,7/7/2005 0:09,2/15/2006 22:12
213,8,2,4175,2.99,7/7/2005 10:02,2/15/2006 22:12
214,8,2,4409,3.99,7/7/2005 21:47,2/15/2006 22:12
215,8,1,4503,3.99,7/8/2005 2:17,2/15/2006 22:12
216,8,1,5300,2.99,7/9/2005 15:40,2/15/2006 22:12
217,8,2,5341,2.99,7/9/2005 17:13,2/15/2006 22:12
218,8,1,6375,4.99,7/11/2005 21:39,2/15/2006 22:12
219,8,1,6647,0.99,7/12/2005 10:43,2/15/2006 22:12
220,8,1,8809,1.99,7/29/2005 21:42,2/15/2006 22:12
221,8,2,9629,2.99,7/31/2005 4:54,2/15/2006 22:12
222,8,2,10141,0.99,7/31/2005 22:08,2/15/2006 22:12
223,8,2,10561,2.99,8/1/2005 13:05,2/15/2006 22:12
224,8,1,11232,9.99,8/2/2005 13:04,2/15/2006 22:12
225,8,2,11284,2.99,8/2/2005 14:42,2/15/2006 22:12
226,8,1,12613,2.99,8/18/2005 17:16,2/15/2006 22:12
227,8,1,14114,0.99,8/21/2005 1:07,2/15/2006 22:12
228,8,1,15374,7.99,8/22/2005 22:09,2/15/2006 22:12
229,8,1,15764,2.99,8/23/2005 13:05,2/15/2006 22:12
230,8,1,15805,4.99,8/23/2005 14:31,2/15/2006 22:12
231,9,2,350,4.99,5/27/2005 5:01,2/15/2006 22:12
232,9,2,877,0.99,5/30/2005 5:48,2/15/2006 22:12
233,9,2,1075,4.99,5/31/2005 10:13,2/15/2006 22:12
234,9,2,3142,7.99,6/20/2005 19:59,2/15/2006 22:12
235,9,2,3262,4.99,6/21/2005 4:08,2/15/2006 22:12
236,9,1,4454,2.99,7/7/2005 23:37,2/15/2006 22:12
237,9,2,4748,0.99,7/8/2005 13:59,2/15/2006 22:12
238,9,1,4796,1.99,7/8/2005 16:35,2/15/2006 22:12
239,9,1,5659,2.99,7/10/2005 7:45,2/15/2006 22:12
240,9,2,6019,4.99,7/11/2005 2:08,2/15/2006 22:12
241,9,1,6165,5.99,7/11/2005 10:17,2/15/2006 22:12
242,9,2,7616,0.99,7/28/2005 0:15,2/15/2006 22:12
243,9,1,7801,2.99,7/28/2005 7:51,2/15/2006 22:12
244,9,1,9043,4.99,7/30/2005 6:34,2/15/2006 22:12
245,9,1,10451,0.99,8/1/2005 9:11,2/15/2006 22:12
246,9,1,10454,4.99,8/1/2005 9:14,2/15/2006 22:12
247,9,2,11400,5.99,8/2/2005 19:00,2/15/2006 22:12
248,9,1,11556,0.99,8/17/2005 1:11,2/15/2006 22:12
249,9,1,12228,2.99,8/18/2005 3:08,2/15/2006 22:12
250,9,1,12309,2.99,8/18/2005 5:58,2/15/2006 22:12
251,9,2,12652,4.99,8/18/2005 18:48,2/15/2006 22:12
252,9,2,14489,7.99,8/21/2005 13:53,2/15/2006 22:12
253,9,1,15813,4.99,2/14/2006 15:16,2/15/2006 22:12
254,10,2,1140,4.99,5/31/2005 19:36,2/15/2006 22:12
255,10,1,1801,4.99,6/16/2005 20:21,2/15/2006 22:12
256,10,1,1995,4.99,6/17/2005 11:11,2/15/2006 22:12
257,10,2,2222,3.99,6/18/2005 3:26,2/15/2006 22:12
258,10,1,2814,0.99,6/19/2005 20:01,2/15/2006 22:12
259,10,1,2865,0.99,6/20/2005 0:00,2/15/2006 22:12
260,10,2,3790,3.99,7/6/2005 14:13,2/15/2006 22:12
261,10,2,4042,4.99,7/7/2005 3:06,2/15/2006 22:12
262,10,1,4255,1.99,7/7/2005 14:14,2/15/2006 22:12
263,10,1,5038,7.99,7/9/2005 3:12,2/15/2006 22:12
264,10,2,5068,2.99,7/9/2005 4:53,2/15/2006 22:12
265,10,1,5444,0.99,7/9/2005 21:58,2/15/2006 22:12
266,10,1,5905,2.99,7/10/2005 20:41,2/15/2006 22:12
267,10,1,7738,2.99,7/28/2005 5:21,2/15/2006 22:12
268,10,2,8001,6.99,7/28/2005 15:10,2/15/2006 22:12
269,10,2,8188,4.99,7/28/2005 22:34,2/15/2006 22:12
270,10,1,9935,4.99,7/31/2005 15:27,2/15/2006 22:12
271,10,2,10671,8.99,8/1/2005 17:09,2/15/2006 22:12
272,10,2,11289,2.99,8/2/2005 14:55,2/15/2006 22:12
273,10,1,11405,0.99,8/2/2005 19:13,2/15/2006 22:12
274,10,2,12031,2.99,8/17/2005 20:11,2/15/2006 22:12
275,10,2,12400,2.99,8/18/2005 9:19,2/15/2006 22:12
276,10,2,13316,4.99,8/19/2005 19:23,2/15/2006 22:12
277,10,2,13917,2.99,8/20/2005 16:43,2/15/2006 22:12
278,10,1,15370,5.99,8/22/2005 21:59,2/15/2006 22:12
279,11,1,987,6.99,5/30/2005 22:59,2/15/2006 22:12
280,11,1,1470,6.99,6/15/2005 20:53,2/15/2006 22:12
281,11,1,1939,7.99,6/17/2005 7:26,2/15/2006 22:12
282,11,1,3192,0.99,6/20/2005 23:49,2/15/2006 22:12
283,11,2,4608,2.99,7/8/2005 7:19,2/15/2006 22:12
284,11,1,4943,4.99,7/8/2005 22:43,2/15/2006 22:12
285,11,2,5835,5.99,7/10/2005 16:44,2/15/2006 22:12
286,11,2,6146,6.99,7/11/2005 9:09,2/15/2006 22:12
287,11,1,7314,4.99,7/27/2005 13:13,2/15/2006 22:12
288,11,1,8014,4.99,7/28/2005 15:32,2/15/2006 22:12
289,11,2,8100,2.99,7/28/2005 18:43,2/15/2006 22:12
290,11,2,8447,1.99,7/29/2005 7:38,2/15/2006 22:12
291,11,1,8715,0.99,7/29/2005 17:33,2/15/2006 22:12
292,11,1,8950,9.99,7/30/2005 3:17,2/15/2006 22:12
293,11,2,9292,6.99,7/30/2005 16:08,2/15/2006 22:12
294,11,1,10812,4.99,8/1/2005 22:41,2/15/2006 22:12
295,11,2,11166,6.99,8/2/2005 10:14,2/15/2006 22:12
296,11,2,11502,0.99,8/16/2005 23:06,2/15/2006 22:12
297,11,2,12015,5.99,8/17/2005 19:32,2/15/2006 22:12
298,11,2,13572,0.99,8/20/2005 5:07,2/15/2006 22:12
299,11,1,13790,4.99,8/20/2005 12:17,2/15/2006 22:12
300,11,1,15120,0.99,8/22/2005 12:42,2/15/2006 22:12
301,11,2,15240,2.99,8/22/2005 17:46,2/15/2006 22:12
302,11,1,11646,0.99,2/14/2006 15:16,2/15/2006 22:12
303,12,1,988,4.99,5/30/2005 23:08,2/15/2006 22:12
304,12,1,1084,4.99,5/31/2005 11:10,2/15/2006 22:12
305,12,2,1752,5.99,6/16/2005 17:02,2/15/2006 22:12
306,12,2,2434,5.99,6/18/2005 18:11,2/15/2006 22:12
307,12,2,2500,5.99,6/18/2005 23:07,2/15/2006 22:12
308,12,2,2623,4.99,6/19/2005 8:11,2/15/2006 22:12
309,12,2,3135,2.99,6/20/2005 19:33,2/15/2006 22:12
310,12,1,3411,0.99,6/21/2005 16:31,2/15/2006 22:12
311,12,1,3870,3.99,7/6/2005 17:57,2/15/2006 22:12
312,12,1,5071,0.99,7/9/2005 5:00,2/15/2006 22:12
313,12,1,5074,0.99,7/9/2005 5:06,2/15/2006 22:12
314,12,2,5111,0.99,7/9/2005 7:02,2/15/2006 22:12
315,12,2,5242,3.99,7/9/2005 13:20,2/15/2006 22:12
316,12,1,6773,2.99,7/12/2005 15:55,2/15/2006 22:12
317,12,2,7008,0.99,7/27/2005 1:44,2/15/2006 22:12
318,12,2,7279,0.99,7/27/2005 11:50,2/15/2006 22:12
319,12,2,8985,0.99,7/30/2005 4:34,2/15/2006 22:12
320,12,2,9166,4.99,7/30/2005 11:26,2/15/2006 22:12
321,12,2,9238,5.99,7/30/2005 13:49,2/15/2006 22:12
322,12,1,9627,5.99,7/31/2005 4:42,2/15/2006 22:12
323,12,2,9708,5.99,7/31/2005 7:45,2/15/2006 22:12
324,12,2,10392,10.99,8/1/2005 6:50,2/15/2006 22:12
325,12,2,11497,0.99,8/16/2005 22:52,2/15/2006 22:12
326,12,1,12604,4.99,8/18/2005 16:58,2/15/2006 22:12
327,12,2,13519,0.99,8/20/2005 2:37,2/15/2006 22:12
328,12,2,13895,2.99,8/20/2005 15:58,2/15/2006 22:12
329,12,2,14240,4.99,8/21/2005 5:19,2/15/2006 22:12
330,12,1,15993,0.99,8/23/2005 20:28,2/15/2006 22:12
331,13,1,1933,2.99,6/17/2005 6:54,2/15/2006 22:12
332,13,1,2209,4.99,6/18/2005 2:24,2/15/2006 22:12
333,13,1,2952,2.99,6/20/2005 6:26,2/15/2006 22:12
334,13,1,3047,8.99,6/20/2005 12:45,2/15/2006 22:12
335,13,2,3946,2.99,7/6/2005 21:39,2/15/2006 22:12
336,13,1,6118,8.99,7/11/2005 7:43,2/15/2006 22:12
337,13,1,6568,2.99,7/12/2005 5:45,2/15/2006 22:12
338,13,1,6870,0.99,7/12/2005 20:13,2/15/2006 22:12
339,13,1,6897,2.99,7/12/2005 21:30,2/15/2006 22:12
340,13,1,7916,2.99,7/28/2005 11:49,2/15/2006 22:12
341,13,1,8277,2.99,7/29/2005 1:38,2/15/2006 22:12
342,13,2,8831,11.99,7/29/2005 22:37,2/15/2006 22:12
343,13,2,9260,9.99,7/30/2005 14:38,2/15/2006 22:12
344,13,2,9434,0.99,7/30/2005 21:29,2/15/2006 22:12
345,13,1,9664,0.99,7/31/2005 6:12,2/15/2006 22:12
346,13,1,9736,7.99,7/31/2005 8:58,2/15/2006 22:12
347,13,1,10003,4.99,7/31/2005 17:48,2/15/2006 22:12
348,13,1,11292,4.99,8/2/2005 14:58,2/15/2006 22:12
349,13,2,11315,0.99,8/2/2005 16:05,2/15/2006 22:12
350,13,2,11761,5.99,8/17/2005 9:44,2/15/2006 22:12
351,13,2,12918,7.99,8/19/2005 4:31,2/15/2006 22:12
352,13,2,13096,4.99,8/19/2005 10:49,2/15/2006 22:12
353,13,2,13213,0.99,8/19/2005 15:25,2/15/2006 22:12
354,13,1,13456,0.99,8/20/2005 0:33,2/15/2006 22:12
355,13,1,14252,9.99,8/21/2005 5:44,2/15/2006 22:12
356,13,2,14545,7.99,8/21/2005 15:44,2/15/2006 22:12
357,13,1,15338,4.99,8/22/2005 20:51,2/15/2006 22:12
358,14,1,151,0.99,5/26/2005 0:37,2/15/2006 22:12
359,14,1,346,9.99,5/27/2005 4:34,2/15/2006 22:12
360,14,1,525,5.99,5/28/2005 4:25,2/15/2006 22:12
361,14,1,671,2.99,5/28/2005 22:04,2/15/2006 22:12
362,14,2,815,0.99,5/29/2005 20:24,2/15/2006 22:12
363,14,2,1360,4.99,6/15/2005 13:32,2/15/2006 22:12
364,14,1,3707,2.99,7/6/2005 10:21,2/15/2006 22:12
365,14,1,4952,0.99,7/8/2005 23:00,2/15/2006 22:12
366,14,1,5104,0.99,7/9/2005 6:37,2/15/2006 22:12
367,14,2,5317,7.99,7/9/2005 16:10,2/15/2006 22:12
368,14,1,5383,4.99,7/9/2005 19:14,2/15/2006 22:12
369,14,1,5565,7.99,7/10/2005 3:29,2/15/2006 22:12
370,14,1,8035,6.99,7/28/2005 16:23,2/15/2006 22:12
371,14,1,8042,0.99,7/28/2005 16:45,2/15/2006 22:12
372,14,1,8548,3.99,7/29/2005 11:11,2/15/2006 22:12
373,14,2,8836,4.99,7/29/2005 22:46,2/15/2006 22:12
374,14,2,9438,4.99,7/30/2005 21:36,2/15/2006 22:12
375,14,1,9592,2.99,7/31/2005 3:21,2/15/2006 22:12
376,14,1,10348,2.99,8/1/2005 5:23,2/15/2006 22:12
377,14,2,10526,6.99,8/1/2005 11:55,2/15/2006 22:12
378,14,1,11480,4.99,8/2/2005 22:18,2/15/2006 22:12
379,14,2,11528,3.99,8/17/2005 0:27,2/15/2006 22:12
380,14,1,12668,2.99,8/18/2005 19:16,2/15/2006 22:12
381,14,1,13757,4.99,8/20/2005 11:20,2/15/2006 22:12
382,14,2,15015,6.99,8/22/2005 8:43,2/15/2006 22:12
383,14,1,15373,0.99,8/22/2005 22:08,2/15/2006 22:12
384,14,1,16045,0.99,8/23/2005 22:25,2/15/2006 22:12
385,14,1,13780,4.99,2/14/2006 15:16,2/15/2006 22:12
386,15,1,2486,2.99,6/18/2005 21:26,2/15/2006 22:12
387,15,1,2937,5.99,6/20/2005 5:15,2/15/2006 22:12
388,15,2,3182,0.99,6/20/2005 22:52,2/15/2006 22:12
389,15,1,3550,7.99,7/6/2005 2:29,2/15/2006 22:12
390,15,1,4127,5.99,7/7/2005 7:26,2/15/2006 22:12
391,15,1,5717,2.99,7/10/2005 11:02,2/15/2006 22:12
392,15,2,5975,2.99,7/11/2005 0:14,2/15/2006 22:12
393,15,1,7105,4.99,7/27/2005 5:15,2/15/2006 22:12
394,15,1,8193,0.99,7/28/2005 22:50,2/15/2006 22:12
395,15,2,8615,6.99,7/29/2005 13:36,2/15/2006 22:12
396,15,2,8927,4.99,7/30/2005 2:13,2/15/2006 22:12
397,15,1,9987,2.99,7/31/2005 17:22,2/15/2006 22:12
398,15,1,11118,2.99,8/2/2005 8:44,2/15/2006 22:12
399,15,1,11141,2.99,8/2/2005 9:29,2/15/2006 22:12
400,15,2,11307,2.99,8/2/2005 15:48,2/15/2006 22:12
401,15,2,11341,2.99,8/2/2005 17:09,2/15/2006 22:12
402,15,1,11922,7.99,8/17/2005 16:20,2/15/2006 22:12
403,15,2,12272,2.99,8/18/2005 4:39,2/15/2006 22:12
404,15,2,12551,2.99,8/18/2005 14:46,2/15/2006 22:12
405,15,1,12635,2.99,8/18/2005 18:00,2/15/2006 22:12
406,15,2,13339,8.99,8/19/2005 20:18,2/15/2006 22:12
407,15,1,13393,5.99,8/19/2005 22:03,2/15/2006 22:12
408,15,2,13503,5.99,8/20/2005 2:00,2/15/2006 22:12
409,15,1,13541,4.99,8/20/2005 3:41,2/15/2006 22:12
410,15,2,13677,3.99,8/20/2005 8:34,2/15/2006 22:12
411,15,2,14569,0.99,8/21/2005 16:31,2/15/2006 22:12
412,15,2,14776,4.99,8/21/2005 23:53,2/15/2006 22:12
413,15,2,14872,8.99,8/22/2005 3:23,2/15/2006 22:12
414,15,1,15178,0.99,8/22/2005 15:36,2/15/2006 22:12
415,15,1,15897,4.99,8/23/2005 17:12,2/15/2006 22:12
416,15,1,13798,3.98,2/14/2006 15:16,2/15/2006 22:12
417,15,2,13968,0,2/14/2006 15:16,2/15/2006 22:12
418,16,1,335,3.99,5/27/2005 3:07,2/15/2006 22:12
419,16,1,593,2.99,5/28/2005 13:33,2/15/2006 22:12
420,16,2,887,0.99,5/30/2005 7:10,2/15/2006 22:12
421,16,1,1017,2.99,5/31/2005 2:53,2/15/2006 22:12
422,16,2,1934,6.99,6/17/2005 7:04,2/15/2006 22:12
423,16,1,1944,7.99,6/17/2005 7:50,2/15/2006 22:12
424,16,1,NULL,1.99,6/18/2005 4:56,2/15/2006 22:12
425,16,1,2960,7.99,6/20/2005 7:10,2/15/2006 22:12
426,16,2,3348,0.99,6/21/2005 11:16,2/15/2006 22:12
427,16,1,3548,0.99,7/6/2005 2:23,2/15/2006 22:12
428,16,2,4219,2.99,7/7/2005 12:11,2/15/2006 22:12
429,16,2,4263,3.99,7/7/2005 14:24,2/15/2006 22:12
430,16,2,4517,4.99,7/8/2005 2:45,2/15/2006 22:12
431,16,1,6100,4.99,7/11/2005 6:40,2/15/2006 22:12
432,16,2,7489,0.99,7/27/2005 19:39,2/15/2006 22:12
433,16,2,7552,2.99,7/27/2005 22:03,2/15/2006 22:12
434,16,2,8452,5.99,7/29/2005 7:45,2/15/2006 22:12
435,16,2,9158,0.99,7/30/2005 11:12,2/15/2006 22:12
436,16,2,9610,5.99,7/31/2005 3:54,2/15/2006 22:12
437,16,2,10687,2.99,8/1/2005 17:53,2/15/2006 22:12
438,16,2,10727,2.99,8/1/2005 19:15,2/15/2006 22:12
439,16,2,11308,0.99,8/2/2005 15:50,2/15/2006 22:12
440,16,2,12104,2.99,8/17/2005 22:53,2/15/2006 22:12
441,16,1,12358,4.99,8/18/2005 7:41,2/15/2006 22:12
442,16,1,12577,7.99,8/18/2005 15:39,2/15/2006 22:12
443,16,2,13151,4.99,8/19/2005 13:08,2/15/2006 22:12
444,16,1,13391,4.99,8/19/2005 22:01,2/15/2006 22:12
445,16,1,13480,6.99,8/20/2005 1:10,2/15/2006 22:12
446,16,1,14511,8.99,8/21/2005 14:45,2/15/2006 22:12
447,17,2,287,2.99,5/26/2005 19:44,2/15/2006 22:12
448,17,1,580,2.99,5/28/2005 11:19,2/15/2006 22:12
449,17,2,884,4.99,5/30/2005 6:41,2/15/2006 22:12
450,17,2,2175,5.99,6/18/2005 0:17,2/15/2006 22:12
451,17,1,2684,8.99,6/19/2005 12:29,2/15/2006 22:12
452,17,2,3269,5.99,6/21/2005 5:06,2/15/2006 22:12
453,17,1,5714,3.99,7/10/2005 10:46,2/15/2006 22:12
454,17,1,5883,3.99,7/10/2005 19:25,2/15/2006 22:12
455,17,2,6884,1.99,7/12/2005 20:52,2/15/2006 22:12
456,17,2,8076,8.99,7/28/2005 17:45,2/15/2006 22:12
457,17,1,8213,2.99,7/28/2005 23:37,2/15/2006 22:12
458,17,2,9092,8.99,7/30/2005 8:30,2/15/2006 22:12
459,17,1,9138,2.99,7/30/2005 10:11,2/15/2006 22:12
460,17,2,9382,8.99,7/30/2005 19:23,2/15/2006 22:12
461,17,1,9489,0.99,7/30/2005 23:43,2/15/2006 22:12
462,17,2,11990,4.99,8/17/2005 18:26,2/15/2006 22:12
463,17,1,13732,2.99,8/20/2005 10:24,2/15/2006 22:12
464,17,1,14040,2.99,8/20/2005 21:43,2/15/2006 22:12
465,17,2,14326,2.99,8/21/2005 8:15,2/15/2006 22:12
466,17,1,14346,2.99,8/21/2005 8:42,2/15/2006 22:12
467,17,2,15752,5.99,8/23/2005 12:41,2/15/2006 22:12
468,18,1,50,2.99,5/25/2005 6:44,2/15/2006 22:12
469,18,1,116,4.99,5/25/2005 19:27,2/15/2006 22:12
470,18,1,692,4.99,5/29/2005 1:32,2/15/2006 22:12
471,18,2,1451,5.99,6/15/2005 19:30,2/15/2006 22:12
472,18,2,1783,4.99,6/16/2005 19:23,2/15/2006 22:12
473,18,2,2112,5.99,6/17/2005 19:52,2/15/2006 22:12
474,18,1,2990,8.99,6/20/2005 9:02,2/15/2006 22:12
475,18,2,4672,3.99,7/8/2005 10:15,2/15/2006 22:12
476,18,2,4724,3.99,7/8/2005 12:46,2/15/2006 22:12
477,18,2,4923,3.99,7/8/2005 21:44,2/15/2006 22:12
478,18,2,6128,2.99,7/11/2005 8:15,2/15/2006 22:12
479,18,1,6846,0.99,7/12/2005 19:20,2/15/2006 22:12
480,18,2,8122,2.99,7/28/2005 19:27,2/15/2006 22:12
481,18,1,8555,4.99,7/29/2005 11:18,2/15/2006 22:12
482,18,1,9036,4.99,7/30/2005 6:18,2/15/2006 22:12
483,18,2,9114,4.99,7/30/2005 9:13,2/15/2006 22:12
484,18,1,10682,4.99,8/1/2005 17:32,2/15/2006 22:12
485,18,2,10721,1.99,8/1/2005 19:05,2/15/2006 22:12
486,18,2,11094,4.99,8/2/2005 8:03,2/15/2006 22:12
487,18,2,11439,4.99,8/2/2005 20:22,2/15/2006 22:12
488,18,2,12333,0.99,8/18/2005 6:51,2/15/2006 22:12
489,18,2,13490,0.99,8/20/2005 1:29,2/15/2006 22:12
490,19,2,18,0.99,5/25/2005 1:10,2/15/2006 22:12
491,19,2,110,9.99,5/25/2005 18:43,2/15/2006 22:12
492,19,1,179,6.99,5/26/2005 4:26,2/15/2006 22:12
493,19,1,337,2.99,5/27/2005 3:22,2/15/2006 22:12
494,19,2,591,2.99,5/28/2005 13:11,2/15/2006 22:12
495,19,2,696,2.99,5/29/2005 1:59,2/15/2006 22:12
496,19,1,2657,2.99,6/19/2005 10:42,2/15/2006 22:12
497,19,1,2848,2.99,6/19/2005 22:55,2/15/2006 22:12
498,19,2,3423,2.99,6/21/2005 17:38,2/15/2006 22:12
499,19,2,3549,4.99,7/6/2005 2:24,2/15/2006 22:12
500,19,2,6495,4.99,7/12/2005 2:57,2/15/2006 22:12
501,19,1,9157,5.99,7/30/2005 11:06,2/15/2006 22:12
502,19,1,9256,0.99,7/30/2005 14:29,2/15/2006 22:12
503,19,2,10077,9.99,7/31/2005 20:01,2/15/2006 22:12
504,19,1,10176,7.99,7/31/2005 23:40,2/15/2006 22:12
505,19,2,11508,8.99,8/16/2005 23:27,2/15/2006 22:12
506,19,1,11869,5.99,8/17/2005 14:10,2/15/2006 22:12
507,19,1,12211,9.99,8/18/2005 2:31,2/15/2006 22:12
508,19,2,12357,2.99,8/18/2005 7:40,2/15/2006 22:12
509,19,1,13718,8.99,8/20/2005 9:53,2/15/2006 22:12
510,19,2,13804,8.99,8/20/2005 12:46,2/15/2006 22:12
511,19,1,14101,4.99,8/21/2005 0:33,2/15/2006 22:12
512,19,1,15047,2.99,8/22/2005 9:57,2/15/2006 22:12
513,19,2,15529,0.99,8/23/2005 3:46,2/15/2006 22:12
514,20,2,202,2.99,5/26/2005 7:27,2/15/2006 22:12
515,20,2,497,6.99,5/28/2005 0:54,2/15/2006 22:12
516,20,2,546,1.99,5/28/2005 7:16,2/15/2006 22:12
517,20,2,1558,0.99,6/16/2005 2:33,2/15/2006 22:12
518,20,2,2136,3.99,6/17/2005 21:16,2/15/2006 22:12
519,20,2,2343,4.99,6/18/2005 11:46,2/15/2006 22:12
520,20,1,3350,4.99,6/21/2005 11:21,2/15/2006 22:12
521,20,2,4011,3.99,7/7/2005 0:48,2/15/2006 22:12
522,20,1,4407,2.99,7/7/2005 21:39,2/15/2006 22:12
523,20,1,5718,2.99,7/10/2005 11:03,2/15/2006 22:12
524,20,1,6254,2.99,7/11/2005 15:10,2/15/2006 22:12
525,20,2,6267,6.99,7/11/2005 15:53,2/15/2006 22:12
526,20,2,7217,4.99,7/27/2005 9:31,2/15/2006 22:12
527,20,2,7864,5.99,7/28/2005 10:06,2/15/2006 22:12
528,20,2,8127,2.99,7/28/2005 19:45,2/15/2006 22:12
529,20,2,9075,4.99,7/30/2005 7:55,2/15/2006 22:12
530,20,2,9468,3.99,7/30/2005 22:53,2/15/2006 22:12
531,20,2,10284,4.99,8/1/2005 3:33,2/15/2006 22:12
532,20,1,10616,7.99,8/1/2005 14:59,2/15/2006 22:12
533,20,1,10954,1.99,8/2/2005 3:30,2/15/2006 22:12
534,20,1,11821,0.99,8/17/2005 12:27,2/15/2006 22:12
535,20,1,12180,0.99,8/18/2005 1:28,2/15/2006 22:12
536,20,2,13036,4.99,8/19/2005 8:48,2/15/2006 22:12
537,20,1,13137,4.99,8/19/2005 12:26,2/15/2006 22:12
538,20,2,13317,2.99,8/19/2005 19:25,2/15/2006 22:12
539,20,2,14613,2.99,8/21/2005 18:03,2/15/2006 22:12
540,20,2,15057,6.99,8/22/2005 10:19,2/15/2006 22:12
541,20,1,15161,1.99,8/22/2005 14:37,2/15/2006 22:12
542,20,2,15248,0.99,8/22/2005 17:53,2/15/2006 22:12
543,20,1,15460,2.99,8/23/2005 1:10,2/15/2006 22:12
544,21,1,260,3.99,5/26/2005 15:42,2/15/2006 22:12
545,21,2,463,3.99,5/27/2005 20:11,2/15/2006 22:12
546,21,1,570,0.99,5/28/2005 10:15,2/15/2006 22:12
547,21,2,2235,7.99,6/18/2005 4:08,2/15/2006 22:12
548,21,1,2268,4.99,6/18/2005 6:13,2/15/2006 22:12
549,21,1,2393,2.99,6/18/2005 15:37,2/15/2006 22:12
550,21,2,2830,4.99,6/19/2005 21:14,2/15/2006 22:12
551,21,1,3212,10.99,6/21/2005 1:04,2/15/2006 22:12
552,21,2,5107,4.99,7/9/2005 6:42,2/15/2006 22:12
553,21,1,5772,3.99,7/10/2005 13:27,2/15/2006 22:12
554,21,1,5961,2.99,7/10/2005 23:43,2/15/2006 22:12
555,21,2,6943,1.99,7/26/2005 23:28,2/15/2006 22:12
556,21,1,7994,0.99,7/28/2005 14:56,2/15/2006 22:12
557,21,2,8196,6.99,7/28/2005 22:56,2/15/2006 22:12
558,21,2,8862,2.99,7/29/2005 23:49,2/15/2006 22:12
559,21,2,9149,0.99,7/30/2005 10:45,2/15/2006 22:12
560,21,1,9699,5.99,7/31/2005 7:29,2/15/2006 22:12
561,21,2,10570,4.99,8/1/2005 13:23,2/15/2006 22:12
562,21,1,10734,0.99,8/1/2005 19:28,2/15/2006 22:12
563,21,2,11072,0.99,8/2/2005 7:10,2/15/2006 22:12
564,21,2,11970,0.99,8/17/2005 17:53,2/15/2006 22:12
565,21,2,12131,2.99,8/17/2005 23:34,2/15/2006 22:12
566,21,2,12660,4.99,8/18/2005 19:07,2/15/2006 22:12
567,21,1,12774,6.99,8/18/2005 23:34,2/15/2006 22:12
568,21,1,13381,2.99,8/19/2005 21:37,2/15/2006 22:12
569,21,2,13399,4.99,8/19/2005 22:09,2/15/2006 22:12
570,21,1,13411,4.99,8/19/2005 22:43,2/15/2006 22:12
571,21,1,13463,8.99,8/20/2005 0:50,2/15/2006 22:12
572,21,1,13699,9.99,8/20/2005 9:26,2/15/2006 22:12
573,21,1,13740,4.99,8/20/2005 10:48,2/15/2006 22:12
574,21,2,14077,8.99,8/20/2005 23:24,2/15/2006 22:12
575,21,2,14161,2.99,8/21/2005 2:51,2/15/2006 22:12
576,21,2,14446,2.99,8/21/2005 12:10,2/15/2006 22:12
577,21,1,14869,4.99,8/22/2005 3:20,2/15/2006 22:12
578,21,1,14933,2.99,2/14/2006 15:16,2/15/2006 22:12
579,22,1,370,4.99,5/27/2005 7:49,2/15/2006 22:12
580,22,1,556,4.99,5/28/2005 8:31,2/15/2006 22:12
581,22,2,820,8.99,5/29/2005 21:07,2/15/2006 22:12
582,22,1,3419,2.99,6/21/2005 17:18,2/15/2006 22:12
583,22,2,4215,2.99,7/7/2005 12:00,2/15/2006 22:12
584,22,1,5294,6.99,7/9/2005 15:23,2/15/2006 22:12
585,22,1,5815,2.99,7/10/2005 15:48,2/15/2006 22:12
586,22,1,7087,4.99,7/27/2005 4:42,2/15/2006 22:12
587,22,1,7705,7.99,7/28/2005 4:02,2/15/2006 22:12
588,22,2,9410,0.99,7/30/2005 20:38,2/15/2006 22:12
589,22,1,9580,4.99,7/31/2005 3:01,2/15/2006 22:12
590,22,1,12023,5.99,8/17/2005 19:54,2/15/2006 22:12
591,22,1,12124,2.99,8/17/2005 23:22,2/15/2006 22:12
592,22,2,12809,0.99,8/19/2005 0:42,2/15/2006 22:12
593,22,2,13060,9.99,8/19/2005 9:43,2/15/2006 22:12
594,22,1,14056,2.99,8/20/2005 22:18,2/15/2006 22:12
595,22,1,14564,6.99,8/21/2005 16:24,2/15/2006 22:12
596,22,1,15134,7.99,8/22/2005 13:18,2/15/2006 22:12
597,22,1,15589,6.99,8/23/2005 6:03,2/15/2006 22:12
598,22,1,15658,4.99,8/23/2005 8:48,2/15/2006 22:12
599,22,1,15793,4.99,8/23/2005 14:06,2/15/2006 22:12
600,22,1,12222,4.99,2/14/2006 15:16,2/15/2006 22:12
601,23,1,129,8.99,5/25/2005 21:20,2/15/2006 22:12
602,23,1,654,2.99,5/28/2005 20:15,2/15/2006 22:12
603,23,2,1090,0.99,5/31/2005 12:03,2/15/2006 22:12
604,23,1,2753,1.99,6/19/2005 16:44,2/15/2006 22:12
605,23,1,2827,0.99,6/19/2005 20:50,2/15/2006 22:12
606,23,1,3015,5.99,6/20/2005 10:48,2/15/2006 22:12
607,23,1,3055,4.99,6/20/2005 13:19,2/15/2006 22:12
608,23,1,3461,2.99,6/21/2005 21:49,2/15/2006 22:12
609,23,2,3736,3.99,7/6/2005 11:43,2/15/2006 22:12
610,23,2,3781,2.99,7/6/2005 13:53,2/15/2006 22:12
611,23,2,4853,2.99,7/8/2005 18:43,2/15/2006 22:12
612,23,1,6213,2.99,7/11/2005 12:43,2/15/2006 22:12
613,23,1,6238,2.99,7/11/2005 14:20,2/15/2006 22:12
614,23,2,6917,5.99,7/12/2005 22:30,2/15/2006 22:12
615,23,1,7155,7.99,7/27/2005 7:18,2/15/2006 22:12
616,23,1,8015,2.99,7/28/2005 15:33,2/15/2006 22:12
617,23,2,8718,0.99,7/29/2005 17:41,2/15/2006 22:12
618,23,2,9209,5.99,7/30/2005 12:55,2/15/2006 22:12
619,23,2,9255,9.99,7/30/2005 14:26,2/15/2006 22:12
620,23,2,9718,3.99,7/31/2005 8:25,2/15/2006 22:12
621,23,1,10132,6.99,7/31/2005 21:50,2/15/2006 22:12
622,23,1,10898,2.99,8/2/2005 1:29,2/15/2006 22:12
623,23,2,11501,2.99,8/16/2005 23:04,2/15/2006 22:12
624,23,2,13290,2.99,8/19/2005 18:31,2/15/2006 22:12
625,23,2,13331,4.99,8/19/2005 20:00,2/15/2006 22:12
626,23,2,13429,6.99,8/19/2005 23:25,2/15/2006 22:12
627,23,2,13511,0.99,8/20/2005 2:21,2/15/2006 22:12
628,23,2,13557,0.99,8/20/2005 4:12,2/15/2006 22:12
629,23,2,14482,2.99,8/21/2005 13:42,2/15/2006 22:12
630,23,2,15532,2.99,2/14/2006 15:16,2/15/2006 22:12
631,24,2,1007,6.99,5/31/2005 1:02,2/15/2006 22:12
632,24,2,1077,2.99,5/31/2005 10:22,2/15/2006 22:12
633,24,1,1716,2.99,6/16/2005 14:39,2/15/2006 22:12
634,24,1,2070,2.99,6/17/2005 16:27,2/15/2006 22:12
635,24,2,2116,4.99,6/17/2005 20:16,2/15/2006 22:12
636,24,1,2451,5.99,6/18/2005 19:28,2/15/2006 22:12
637,24,2,2963,7.99,6/20/2005 7:33,2/15/2006 22:12
638,24,2,3649,7.99,7/6/2005 7:32,2/15/2006 22:12
639,24,2,4378,2.99,7/7/2005 20:29,2/15/2006 22:12
640,24,1,5310,0.99,7/9/2005 16:00,2/15/2006 22:12
641,24,2,5648,0.99,7/10/2005 7:09,2/15/2006 22:12
642,24,1,6855,4.99,7/12/2005 19:46,2/15/2006 22:12
643,24,1,7266,1.99,7/27/2005 11:22,2/15/2006 22:12
644,24,1,8947,4.99,7/30/2005 3:15,2/15/2006 22:12
645,24,1,9723,0.99,7/31/2005 8:31,2/15/2006 22:12
646,24,2,9925,0.99,7/31/2005 15:08,2/15/2006 22:12
647,24,2,10491,2.99,8/1/2005 10:38,2/15/2006 22:12
648,24,1,11209,2.99,8/2/2005 12:09,2/15/2006 22:12
649,24,2,11546,2.99,8/17/2005 0:57,2/15/2006 22:12
650,24,2,12165,8.99,8/18/2005 0:53,2/15/2006 22:12
651,24,1,12745,2.99,8/18/2005 22:22,2/15/2006 22:12
652,24,1,12999,1.99,8/19/2005 7:34,2/15/2006 22:12
653,24,2,13058,4.99,8/19/2005 9:40,2/15/2006 22:12
654,24,1,13247,0.99,8/19/2005 16:45,2/15/2006 22:12
655,24,2,15357,4.99,8/22/2005 21:28,2/15/2006 22:12
656,25,1,90,7.99,5/25/2005 14:31,2/15/2006 22:12
657,25,2,1033,2.99,5/31/2005 4:50,2/15/2006 22:12
658,25,1,1338,4.99,6/15/2005 12:17,2/15/2006 22:12
659,25,1,1365,2.99,6/15/2005 14:09,2/15/2006 22:12
660,25,2,1754,6.99,6/16/2005 17:13,2/15/2006 22:12
661,25,2,2625,8.99,6/19/2005 8:23,2/15/2006 22:12
662,25,1,2901,4.99,6/20/2005 2:41,2/15/2006 22:12
663,25,1,3447,4.99,6/21/2005 20:53,2/15/2006 22:12
664,25,1,4282,2.99,7/7/2005 15:26,2/15/2006 22:12
665,25,1,4319,0.99,7/7/2005 17:50,2/15/2006 22:12
666,25,2,4404,2.99,7/7/2005 21:31,2/15/2006 22:12
667,25,1,5881,2.99,7/10/2005 19:19,2/15/2006 22:12
668,25,1,6653,4.99,7/12/2005 11:06,2/15/2006 22:12
669,25,2,6905,2.99,7/12/2005 22:02,2/15/2006 22:12
670,25,2,8667,2.99,7/29/2005 15:40,2/15/2006 22:12
671,25,2,8878,0.99,7/30/2005 0:15,2/15/2006 22:12
672,25,1,9140,8.99,7/30/2005 10:12,2/15/2006 22:12
673,25,2,9334,2.99,7/30/2005 17:56,2/15/2006 22:12
674,25,2,9922,2.99,7/31/2005 14:59,2/15/2006 22:12
675,25,2,10103,2.99,7/31/2005 20:49,2/15/2006 22:12
676,25,1,10324,5.99,8/1/2005 4:49,2/15/2006 22:12
677,25,2,10860,2.99,8/2/2005 0:12,2/15/2006 22:12
678,25,1,10916,2.99,8/2/2005 2:05,2/15/2006 22:12
679,25,1,11642,0.99,8/17/2005 4:48,2/15/2006 22:12
680,25,1,12922,0.99,8/19/2005 4:48,2/15/2006 22:12
681,25,1,14193,4.99,8/21/2005 3:38,2/15/2006 22:12
682,25,1,14236,4.99,8/21/2005 5:13,2/15/2006 22:12
683,25,1,15512,0.99,8/23/2005 2:57,2/15/2006 22:12
684,25,1,15972,5.99,8/23/2005 20:00,2/15/2006 22:12
685,26,1,796,2.99,5/29/2005 16:59,2/15/2006 22:12
686,26,2,1105,2.99,5/31/2005 14:33,2/15/2006 22:12
687,26,1,1440,5.99,6/15/2005 18:53,2/15/2006 22:12
688,26,2,1706,4.99,6/16/2005 14:01,2/15/2006 22:12
689,26,1,2093,9.99,6/17/2005 18:14,2/15/2006 22:12
690,26,2,2416,3.99,6/18/2005 17:07,2/15/2006 22:12
691,26,2,2421,6.99,6/18/2005 17:25,2/15/2006 22:12
692,26,1,2532,4.99,6/19/2005 1:27,2/15/2006 22:12
693,26,1,2745,4.99,6/19/2005 16:21,2/15/2006 22:12
694,26,1,4065,2.99,7/7/2005 4:32,2/15/2006 22:12
695,26,1,4274,4.99,7/7/2005 14:42,2/15/2006 22:12
696,26,1,4382,4.99,7/7/2005 20:41,2/15/2006 22:12
697,26,2,4402,0.99,7/7/2005 21:28,2/15/2006 22:12
698,26,1,4431,6.99,7/7/2005 22:39,2/15/2006 22:12
699,26,1,4536,3.99,7/8/2005 3:43,2/15/2006 22:12
700,26,1,4641,6.99,7/8/2005 9:09,2/15/2006 22:12
701,26,1,5437,2.99,7/9/2005 21:32,2/15/2006 22:12
702,26,1,6149,1.99,7/11/2005 9:19,2/15/2006 22:12
703,26,2,6243,2.99,7/11/2005 14:53,2/15/2006 22:12
704,26,2,7328,0.99,7/27/2005 13:55,2/15/2006 22:12
705,26,1,8241,4.99,7/29/2005 0:33,2/15/2006 22:12
706,26,1,9484,0.99,7/30/2005 23:31,2/15/2006 22:12
707,26,1,10386,3.99,8/1/2005 6:42,2/15/2006 22:12
708,26,1,10996,3.99,8/2/2005 4:48,2/15/2006 22:12
709,26,2,11314,2.99,8/2/2005 16:04,2/15/2006 22:12
710,26,1,11338,0.99,8/2/2005 17:00,2/15/2006 22:12
711,26,1,11744,5.99,8/17/2005 8:54,2/15/2006 22:12
712,26,2,13111,4.99,8/19/2005 11:25,2/15/2006 22:12
713,26,2,14183,4.99,8/21/2005 3:24,2/15/2006 22:12
714,26,2,14192,8.99,8/21/2005 3:37,2/15/2006 22:12
715,26,2,14603,1.99,8/21/2005 17:51,2/15/2006 22:12
716,26,1,14677,7.99,8/21/2005 20:12,2/15/2006 22:12
717,26,1,15384,2.99,8/22/2005 22:34,2/15/2006 22:12
718,26,1,15722,7.99,8/23/2005 11:16,2/15/2006 22:12
719,27,2,787,2.99,5/29/2005 16:03,2/15/2006 22:12
720,27,1,1310,4.99,6/15/2005 10:11,2/15/2006 22:12
721,27,2,1480,4.99,6/15/2005 21:17,2/15/2006 22:12
722,27,2,1699,2.99,6/16/2005 13:05,2/15/2006 22:12
723,27,2,1960,3.99,6/17/2005 8:59,2/15/2006 22:12
724,27,2,2512,2.99,6/18/2005 23:48,2/15/2006 22:12
725,27,1,2815,4.99,6/19/2005 20:03,2/15/2006 22:12
726,27,1,3038,1.99,6/20/2005 12:28,2/15/2006 22:12
727,27,2,3420,3.99,6/21/2005 17:22,2/15/2006 22:12
728,27,2,4038,0.99,7/7/2005 2:52,2/15/2006 22:12
729,27,1,4510,5.99,7/8/2005 2:34,2/15/2006 22:12
730,27,1,5552,0.99,7/10/2005 3:01,2/15/2006 22:12
731,27,1,5736,4.99,7/10/2005 11:45,2/15/2006 22:12
732,27,2,6115,0.99,7/11/2005 7:36,2/15/2006 22:12
733,27,2,6562,5.99,7/12/2005 5:26,2/15/2006 22:12
734,27,2,6658,4.99,7/12/2005 11:13,2/15/2006 22:12
735,27,1,7927,1.99,7/28/2005 12:13,2/15/2006 22:12
736,27,2,9244,0.99,7/30/2005 14:06,2/15/2006 22:12
737,27,2,9636,5.99,7/31/2005 5:12,2/15/2006 22:12
738,27,1,9673,7.99,7/31/2005 6:34,2/15/2006 22:12
739,27,1,9908,4.99,7/31/2005 14:39,2/15/2006 22:12
740,27,1,10794,7.99,8/1/2005 21:51,2/15/2006 22:12
741,27,1,10852,4.99,8/2/2005 0:00,2/15/2006 22:12
742,27,1,11234,0.99,8/2/2005 13:12,2/15/2006 22:12
743,27,1,11661,8.99,8/17/2005 5:25,2/15/2006 22:12
744,27,2,11740,6.99,8/17/2005 8:48,2/15/2006 22:12
745,27,2,12021,5.99,8/17/2005 19:52,2/15/2006 22:12
746,27,2,12461,0.99,8/18/2005 11:28,2/15/2006 22:12
747,27,1,12531,2.99,8/18/2005 13:57,2/15/2006 22:12
748,27,2,13816,4.99,8/20/2005 13:13,2/15/2006 22:12
749,27,1,15048,0.99,8/22/2005 10:00,2/15/2006 22:12
750,28,2,388,2.99,5/27/2005 10:37,2/15/2006 22:12
751,28,1,868,2.99,5/30/2005 4:19,2/15/2006 22:12
752,28,2,1240,2.99,6/15/2005 4:58,2/15/2006 22:12
753,28,1,1543,4.99,6/16/2005 1:24,2/15/2006 22:12
754,28,2,2299,3.99,6/18/2005 8:18,2/15/2006 22:12
755,28,2,2604,0.99,6/19/2005 6:30,2/15/2006 22:12
756,28,1,3231,0.99,6/21/2005 2:25,2/15/2006 22:12
757,28,1,3845,0.99,7/6/2005 16:38,2/15/2006 22:12
758,28,2,4704,0.99,7/8/2005 11:45,2/15/2006 22:12
759,28,2,4951,4.99,7/8/2005 22:58,2/15/2006 22:12
760,28,2,5653,2.99,7/10/2005 7:21,2/15/2006 22:12
761,28,1,5817,5.99,7/10/2005 15:49,2/15/2006 22:12
762,28,2,6032,0.99,7/11/2005 2:49,2/15/2006 22:12
763,28,2,6476,0.99,7/12/2005 1:37,2/15/2006 22:12
764,28,1,7580,9.99,7/27/2005 23:07,2/15/2006 22:12
765,28,1,8464,4.99,7/29/2005 8:18,2/15/2006 22:12
766,28,1,8901,2.99,7/30/2005 1:07,2/15/2006 22:12
767,28,2,9544,2.99,7/31/2005 1:44,2/15/2006 22:12
768,28,2,9593,4.99,7/31/2005 3:22,2/15/2006 22:12
769,28,2,9705,4.99,7/31/2005 7:40,2/15/2006 22:12
770,28,2,10116,2.99,7/31/2005 21:14,2/15/2006 22:12
771,28,2,10294,6.99,8/1/2005 3:48,2/15/2006 22:12
772,28,1,11444,2.99,8/2/2005 20:32,2/15/2006 22:12
773,28,1,11856,3.99,8/17/2005 13:44,2/15/2006 22:12
774,28,2,12190,2.99,8/18/2005 1:54,2/15/2006 22:12
775,28,1,12359,0.99,8/18/2005 7:44,2/15/2006 22:12
776,28,1,12708,2.99,8/18/2005 20:59,2/15/2006 22:12
777,28,2,13783,4.99,8/20/2005 12:11,2/15/2006 22:12
778,28,2,14540,2.99,8/21/2005 15:34,2/15/2006 22:12
779,28,1,15445,4.99,8/23/2005 0:48,2/15/2006 22:12
780,28,1,15491,2.99,8/23/2005 2:08,2/15/2006 22:12
781,28,2,12938,2.99,2/14/2006 15:16,2/15/2006 22:12
782,29,2,194,1.99,5/26/2005 6:52,2/15/2006 22:12
783,29,1,2655,0.99,6/19/2005 10:38,2/15/2006 22:12
784,29,1,2673,0.99,6/19/2005 11:42,2/15/2006 22:12
785,29,1,2701,7.99,6/19/2005 13:33,2/15/2006 22:12
786,29,1,2735,2.99,6/19/2005 15:42,2/15/2006 22:12
787,29,2,2801,2.99,6/19/2005 19:18,2/15/2006 22:12
788,29,2,2923,2.99,6/20/2005 4:16,2/15/2006 22:12
789,29,1,3324,2.99,6/21/2005 8:49,2/15/2006 22:12
790,29,2,4262,6.99,7/7/2005 14:24,2/15/2006 22:12
791,29,1,4313,0.99,7/7/2005 17:36,2/15/2006 22:12
792,29,2,4535,0.99,7/8/2005 3:40,2/15/2006 22:12
793,29,2,5442,10.99,7/9/2005 21:55,2/15/2006 22:12
794,29,1,5857,1.99,7/10/2005 17:59,2/15/2006 22:12
795,29,2,7237,3.99,7/27/2005 10:12,2/15/2006 22:12
796,29,1,7451,6.99,7/27/2005 18:18,2/15/2006 22:12
797,29,1,7453,0.99,7/27/2005 18:27,2/15/2006 22:12
798,29,2,8673,2.99,7/29/2005 15:50,2/15/2006 22:12
799,29,2,9392,4.99,7/30/2005 19:50,2/15/2006 22:12
800,29,1,9946,4.99,7/31/2005 15:48,2/15/2006 22:12
801,29,1,10543,5.99,8/1/2005 12:36,2/15/2006 22:12
802,29,2,10899,1.99,8/2/2005 1:30,2/15/2006 22:12
803,29,1,11079,4.99,8/2/2005 7:29,2/15/2006 22:12
804,29,2,11962,2.99,8/17/2005 17:34,2/15/2006 22:12
805,29,1,12488,4.99,8/18/2005 12:48,2/15/2006 22:12
806,29,1,12508,2.99,8/18/2005 13:20,2/15/2006 22:12
807,29,2,12569,6.99,8/18/2005 15:20,2/15/2006 22:12
808,29,2,12615,6.99,8/18/2005 17:16,2/15/2006 22:12
809,29,2,13173,2.99,8/19/2005 13:50,2/15/2006 22:12
810,29,1,13436,0.99,8/19/2005 23:36,2/15/2006 22:12
811,29,2,13777,2.99,8/20/2005 12:03,2/15/2006 22:12
812,29,1,13832,3.99,8/20/2005 14:00,2/15/2006 22:12
813,29,1,14174,0.99,8/21/2005 3:01,2/15/2006 22:12
814,29,1,14703,4.99,8/21/2005 21:01,2/15/2006 22:12
815,29,1,14985,7.99,8/22/2005 7:35,2/15/2006 22:12
816,29,1,14997,5.99,8/22/2005 7:53,2/15/2006 22:12
817,29,2,15577,0.99,2/14/2006 15:16,2/15/2006 22:12
818,30,2,1874,1.99,6/17/2005 2:39,2/15/2006 22:12
819,30,2,1895,2.99,6/17/2005 4:25,2/15/2006 22:12
820,30,2,2154,4.99,6/17/2005 22:59,2/15/2006 22:12
821,30,2,2730,2.99,6/19/2005 15:10,2/15/2006 22:12
822,30,1,3964,4.99,7/6/2005 22:23,2/15/2006 22:12
823,30,2,4471,2.99,7/8/2005 0:21,2/15/2006 22:12
824,30,2,4642,2.99,7/8/2005 9:13,2/15/2006 22:12
825,30,2,5028,5.99,7/9/2005 2:34,2/15/2006 22:12
826,30,1,5108,9.99,7/9/2005 6:44,2/15/2006 22:12
827,30,1,5289,0.99,7/9/2005 15:14,2/15/2006 22:12
828,30,2,5972,7.99,7/11/2005 0:08,2/15/2006 22:12
829,30,1,6249,0.99,7/11/2005 15:02,2/15/2006 22:12
830,30,2,6359,2.99,7/11/2005 21:06,2/15/2006 22:12
831,30,2,7394,2.99,7/27/2005 16:03,2/15/2006 22:12
832,30,2,7769,4.99,7/28/2005 6:45,2/15/2006 22:12
833,30,1,8030,4.99,7/28/2005 16:12,2/15/2006 22:12
834,30,2,8038,4.99,7/28/2005 16:32,2/15/2006 22:12
835,30,1,8083,4.99,7/28/2005 18:09,2/15/2006 22:12
836,30,1,8641,2.99,7/29/2005 14:37,2/15/2006 22:12
837,30,2,9309,2.99,7/30/2005 16:55,2/15/2006 22:12
838,30,2,9551,0.99,7/31/2005 2:04,2/15/2006 22:12
839,30,1,9641,0.99,7/31/2005 5:33,2/15/2006 22:12
840,30,1,9998,2.99,7/31/2005 17:40,2/15/2006 22:12
841,30,1,10235,6.99,8/1/2005 1:57,2/15/2006 22:12
842,30,1,12240,2.99,8/18/2005 3:27,2/15/2006 22:12
843,30,1,12546,2.99,8/18/2005 14:29,2/15/2006 22:12
844,30,2,12758,0.99,8/18/2005 22:58,2/15/2006 22:12
845,30,1,13435,0.99,8/19/2005 23:35,2/15/2006 22:12
846,30,1,13682,4.99,8/20/2005 8:50,2/15/2006 22:12
847,30,1,14339,0.99,8/21/2005 8:37,2/15/2006 22:12
848,30,1,14585,2.99,8/21/2005 17:18,2/15/2006 22:12
849,30,1,15063,4.99,8/22/2005 10:39,2/15/2006 22:12
850,30,1,15544,4.99,8/23/2005 4:17,2/15/2006 22:12
851,30,2,15829,2.99,8/23/2005 15:17,2/15/2006 22:12
852,31,2,1656,4.99,6/16/2005 10:05,2/15/2006 22:12
853,31,1,1838,1.99,6/16/2005 23:20,2/15/2006 22:12
854,31,1,2233,0.99,6/18/2005 3:57,2/15/2006 22:12
855,31,2,2341,6.99,6/18/2005 11:35,2/15/2006 22:12
856,31,1,2396,7.99,6/18/2005 15:49,2/15/2006 22:12
857,31,2,2438,0.99,6/18/2005 18:34,2/15/2006 22:12
858,31,1,2530,0.99,6/19/2005 1:20,2/15/2006 22:12
859,31,2,2648,4.99,6/19/2005 10:06,2/15/2006 22:12
860,31,2,3117,2.99,6/20/2005 18:05,2/15/2006 22:12
861,31,2,3172,1.99,6/20/2005 22:19,2/15/2006 22:12
862,31,1,3205,0.99,6/21/2005 0:38,2/15/2006 22:12
863,31,1,3701,4.99,7/6/2005 10:12,2/15/2006 22:12
864,31,2,3967,4.99,7/6/2005 22:45,2/15/2006 22:12
865,31,1,4122,6.99,7/7/2005 7:15,2/15/2006 22:12
866,31,2,4738,9.99,7/8/2005 13:24,2/15/2006 22:12
867,31,1,6208,3.99,7/11/2005 12:34,2/15/2006 22:12
868,31,2,6580,4.99,7/12/2005 6:26,2/15/2006 22:12
869,31,1,7000,1.99,7/27/2005 1:23,2/15/2006 22:12
870,31,2,7138,3.99,7/27/2005 6:47,2/15/2006 22:12
871,31,2,7178,2.99,7/27/2005 8:09,2/15/2006 22:12
872,31,2,7464,2.99,7/27/2005 18:49,2/15/2006 22:12
873,31,2,8997,0.99,7/30/2005 4:53,2/15/2006 22:12
874,31,2,12085,4.99,8/17/2005 22:17,2/15/2006 22:12
875,31,1,12377,0.99,8/18/2005 8:26,2/15/2006 22:12
876,31,2,15682,6.99,8/23/2005 9:37,2/15/2006 22:12
877,31,2,15816,6.99,8/23/2005 14:58,2/15/2006 22:12
878,32,2,483,4.99,5/27/2005 23:00,2/15/2006 22:12
879,32,2,803,4.99,5/29/2005 17:52,2/15/2006 22:12
880,32,2,1067,4.99,5/31/2005 9:12,2/15/2006 22:12
881,32,2,1887,6.99,6/17/2005 3:53,2/15/2006 22:12
882,32,2,2160,0.99,6/17/2005 23:39,2/15/2006 22:12
883,32,2,2624,5.99,6/19/2005 8:22,2/15/2006 22:12
884,32,2,2891,1.99,6/20/2005 2:02,2/15/2006 22:12
885,32,1,3500,2.99,7/6/2005 0:11,2/15/2006 22:12
886,32,1,4434,2.99,7/7/2005 22:48,2/15/2006 22:12
887,32,2,4771,2.99,7/8/2005 15:33,2/15/2006 22:12
888,32,2,4899,0.99,7/8/2005 20:37,2/15/2006 22:12
889,32,1,5307,9.99,7/9/2005 15:57,2/15/2006 22:12
890,32,1,5767,0.99,7/10/2005 13:13,2/15/2006 22:12
891,32,1,5954,2.99,7/10/2005 23:22,2/15/2006 22:12
892,32,1,6122,3.99,7/11/2005 7:58,2/15/2006 22:12
893,32,2,6450,2.99,7/12/2005 0:49,2/15/2006 22:12
894,32,1,7084,6.99,7/27/2005 4:34,2/15/2006 22:12
895,32,1,7589,5.99,7/27/2005 23:23,2/15/2006 22:12
896,32,1,7793,2.99,7/28/2005 7:26,2/15/2006 22:12
897,32,2,8390,5.99,7/29/2005 5:52,2/15/2006 22:12
898,32,2,8453,2.99,7/29/2005 7:46,2/15/2006 22:12
899,32,2,8914,2.99,7/30/2005 1:42,2/15/2006 22:12
900,32,1,11135,4.99,8/2/2005 9:22,2/15/2006 22:12
901,32,2,11831,4.99,8/17/2005 12:54,2/15/2006 22:12
902,32,2,12414,9.99,8/18/2005 9:50,2/15/2006 22:12
903,32,1,13736,8.99,8/20/2005 10:31,2/15/2006 22:12
904,32,1,13931,1.99,8/20/2005 17:16,2/15/2006 22:12
905,32,1,14075,0.99,8/20/2005 23:18,2/15/2006 22:12
906,32,2,14570,5.99,8/21/2005 16:32,2/15/2006 22:12
907,33,1,165,2.99,5/26/2005 2:28,2/15/2006 22:12
908,33,1,1301,10.99,6/15/2005 9:46,2/15/2006 22:12
909,33,2,3173,8.99,6/20/2005 22:21,2/15/2006 22:12
910,33,1,4095,5.99,7/7/2005 6:01,2/15/2006 22:12
911,33,1,5421,0.99,7/9/2005 20:49,2/15/2006 22:12
912,33,1,5723,4.99,7/10/2005 11:14,2/15/2006 22:12
913,33,2,6280,0.99,7/11/2005 16:36,2/15/2006 22:12
914,33,1,7992,4.99,7/28/2005 14:53,2/15/2006 22:12
915,33,1,9040,4.99,7/30/2005 6:31,2/15/2006 22:12
916,33,2,9085,4.99,7/30/2005 8:17,2/15/2006 22:12
917,33,1,9254,1.99,7/30/2005 14:26,2/15/2006 22:12
918,33,2,10335,2.99,8/1/2005 4:59,2/15/2006 22:12
919,33,1,10870,4.99,8/2/2005 0:27,2/15/2006 22:12
920,33,1,13241,7.99,8/19/2005 16:25,2/15/2006 22:12
921,33,1,13858,2.99,8/20/2005 14:50,2/15/2006 22:12
922,33,1,13958,7.99,8/20/2005 18:11,2/15/2006 22:12
923,33,1,14002,0.99,8/20/2005 20:12,2/15/2006 22:12
924,33,1,14623,0.99,8/21/2005 18:29,2/15/2006 22:12
925,33,1,15096,5.99,8/22/2005 11:43,2/15/2006 22:12
926,33,2,15115,2.99,8/22/2005 12:28,2/15/2006 22:12
927,33,1,12277,0.99,2/14/2006 15:16,2/15/2006 22:12
928,34,1,1900,4.99,6/17/2005 4:29,2/15/2006 22:12
929,34,2,2257,5.99,6/18/2005 5:29,2/15/2006 22:12
930,34,1,3150,0.99,6/20/2005 20:35,2/15/2006 22:12
931,34,2,3508,3.99,7/6/2005 0:24,2/15/2006 22:12
932,34,1,3911,2.99,7/6/2005 20:09,2/15/2006 22:12
933,34,1,5188,4.99,7/9/2005 10:22,2/15/2006 22:12
934,34,2,5643,4.99,7/10/2005 6:49,2/15/2006 22:12
935,34,2,5918,5.99,7/10/2005 21:32,2/15/2006 22:12
936,34,2,7015,2.99,7/27/2005 2:15,2/15/2006 22:12
937,34,2,7124,2.99,7/27/2005 6:09,2/15/2006 22:12
938,34,1,7532,0.99,7/27/2005 21:20,2/15/2006 22:12
939,34,1,9160,3.99,7/30/2005 11:17,2/15/2006 22:12
940,34,1,10523,0.99,8/1/2005 11:52,2/15/2006 22:12
941,34,1,10615,4.99,8/1/2005 14:58,2/15/2006 22:12
942,34,2,11096,0.99,8/2/2005 8:05,2/15/2006 22:12
943,34,1,11505,2.99,8/16/2005 23:18,2/15/2006 22:12
944,34,2,11701,4.99,8/17/2005 7:15,2/15/2006 22:12
945,34,2,12286,2.99,8/18/2005 4:57,2/15/2006 22:12
946,34,1,12599,2.99,8/18/2005 16:42,2/15/2006 22:12
947,34,1,12651,0.99,8/18/2005 18:36,2/15/2006 22:12
948,34,1,13371,4.99,8/19/2005 21:21,2/15/2006 22:12
949,34,2,13949,2.99,8/20/2005 17:55,2/15/2006 22:12
950,34,1,14686,5.99,8/21/2005 20:32,2/15/2006 22:12
951,34,2,14701,7.99,8/21/2005 20:54,2/15/2006 22:12
952,35,2,47,3.99,5/25/2005 6:05,2/15/2006 22:12
953,35,1,424,6.99,5/27/2005 15:34,2/15/2006 22:12
954,35,1,1579,0.99,6/16/2005 4:09,2/15/2006 22:12
955,35,1,1989,2.99,6/17/2005 10:47,2/15/2006 22:12
956,35,1,2229,4.99,6/18/2005 3:50,2/15/2006 22:12
957,35,1,2231,0.99,6/18/2005 3:52,2/15/2006 22:12
958,35,1,2743,2.99,6/19/2005 16:15,2/15/2006 22:12
959,35,2,3112,4.99,6/20/2005 17:53,2/15/2006 22:12
960,35,2,3597,2.99,7/6/2005 5:03,2/15/2006 22:12
961,35,2,4098,4.99,7/7/2005 6:14,2/15/2006 22:12
962,35,2,4990,0.99,7/9/2005 0:48,2/15/2006 22:12
963,35,1,5013,2.99,7/9/2005 1:46,2/15/2006 22:12
964,35,2,5323,0.99,7/9/2005 16:34,2/15/2006 22:12
965,35,1,5916,5.99,7/10/2005 21:26,2/15/2006 22:12
966,35,1,5963,0.99,7/10/2005 23:47,2/15/2006 22:12
967,35,1,6147,5.99,7/11/2005 9:13,2/15/2006 22:12
968,35,1,6401,4.99,7/11/2005 22:44,2/15/2006 22:12
969,35,1,6565,4.99,7/12/2005 5:39,2/15/2006 22:12
970,35,1,6572,4.99,7/12/2005 5:56,2/15/2006 22:12
971,35,1,7140,4.99,7/27/2005 6:54,2/15/2006 22:12
972,35,1,8822,6.99,7/29/2005 22:20,2/15/2006 22:12
973,35,1,8971,5.99,7/30/2005 4:03,2/15/2006 22:12
974,35,2,9033,2.99,7/30/2005 6:07,2/15/2006 22:12
975,35,1,9579,6.99,7/31/2005 2:59,2/15/2006 22:12
976,35,1,11298,1.99,8/2/2005 15:32,2/15/2006 22:12
977,35,1,11452,7.99,8/2/2005 20:59,2/15/2006 22:12
978,35,1,11645,4.99,8/17/2005 4:50,2/15/2006 22:12
979,35,1,12055,4.99,8/17/2005 21:02,2/15/2006 22:12
980,35,1,13735,2.99,8/20/2005 10:31,2/15/2006 22:12
981,35,1,14110,0.99,8/21/2005 0:53,2/15/2006 22:12
982,35,2,14124,2.99,8/21/2005 1:31,2/15/2006 22:12
983,35,2,14735,4.99,8/21/2005 22:25,2/15/2006 22:12
984,36,1,349,0.99,5/27/2005 4:53,2/15/2006 22:12
985,36,1,716,0.99,5/29/2005 4:35,2/15/2006 22:12
986,36,2,2741,0.99,6/19/2005 16:05,2/15/2006 22:12
987,36,2,4135,0.99,7/7/2005 8:15,2/15/2006 22:12
988,36,2,4560,4.99,7/8/2005 4:58,2/15/2006 22:12
989,36,2,4762,4.99,7/8/2005 14:54,2/15/2006 22:12
990,36,1,5403,0.99,7/9/2005 20:07,2/15/2006 22:12
991,36,2,6030,0.99,7/11/2005 2:37,2/15/2006 22:12
992,36,1,7205,6.99,7/27/2005 9:06,2/15/2006 22:12
993,36,1,7647,0.99,7/28/2005 1:35,2/15/2006 22:12
994,36,2,7919,6.99,7/28/2005 11:59,2/15/2006 22:12
995,36,2,8099,0.99,7/28/2005 18:35,2/15/2006 22:12
996,36,1,8391,2.99,7/29/2005 5:52,2/15/2006 22:12
997,36,1,8952,4.99,7/30/2005 3:20,2/15/2006 22:12
998,36,1,9369,2.99,7/30/2005 18:52,2/15/2006 22:12
999,36,2,9805,0.99,7/31/2005 11:11,2/15/2006 22:12
1000,36,2,10525,2.99,8/1/2005 11:53,2/15/2006 22:12
