rental_id,rental_date,inventory_id,customer_id,return_date,staff_id,last_update
1,5/24/2005 22:53,367,130,5/26/2005 22:04,1,2/15/2006 21:30
2,5/24/2005 22:54,1525,459,5/28/2005 19:40,1,2/15/2006 21:30
3,5/24/2005 23:03,1711,408,6/1/2005 22:12,1,2/15/2006 21:30
4,5/24/2005 23:04,2452,333,6/3/2005 1:43,2,2/15/2006 21:30
5,5/24/2005 23:05,2079,222,6/2/2005 4:33,1,2/15/2006 21:30
6,5/24/2005 23:08,2792,549,5/27/2005 1:32,1,2/15/2006 21:30
7,5/24/2005 23:11,3995,269,5/29/2005 20:34,2,2/15/2006 21:30
8,5/24/2005 23:31,2346,239,5/27/2005 23:33,2,2/15/2006 21:30
9,5/25/2005 0:00,2580,126,5/28/2005 0:22,1,2/15/2006 21:30
10,5/25/2005 0:02,1824,399,5/31/2005 22:44,2,2/15/2006 21:30
11,5/25/2005 0:09,4443,142,6/2/2005 20:56,2,2/15/2006 21:30
12,5/25/2005 0:19,1584,261,5/30/2005 5:44,2,2/15/2006 21:30
13,5/25/2005 0:22,2294,334,5/30/2005 4:28,1,2/15/2006 21:30
14,5/25/2005 0:31,2701,446,5/26/2005 2:56,1,2/15/2006 21:30
15,5/25/2005 0:39,3049,319,6/3/2005 3:30,1,2/15/2006 21:30
16,5/25/2005 0:43,389,316,5/26/2005 4:42,2,2/15/2006 21:30
17,5/25/2005 1:06,830,575,5/27/2005 0:43,1,2/15/2006 21:30
18,5/25/2005 1:10,3376,19,5/31/2005 6:35,2,2/15/2006 21:30
19,5/25/2005 1:17,1941,456,5/31/2005 6:00,1,2/15/2006 21:30
20,5/25/2005 1:48,3517,185,5/27/2005 2:20,2,2/15/2006 21:30
21,5/25/2005 1:59,146,388,5/26/2005 1:01,2,2/15/2006 21:30
22,5/25/2005 2:19,727,509,5/26/2005 4:52,2,2/15/2006 21:30
23,5/25/2005 2:40,4441,438,5/29/2005 6:34,1,2/15/2006 21:30
24,5/25/2005 2:53,3273,350,5/27/2005 1:15,1,2/15/2006 21:30
25,5/25/2005 3:21,3961,37,5/27/2005 21:25,2,2/15/2006 21:30
26,5/25/2005 3:36,4371,371,5/31/2005 0:34,1,2/15/2006 21:30
27,5/25/2005 3:41,1225,301,5/30/2005 1:13,2,2/15/2006 21:30
28,5/25/2005 3:42,4068,232,5/26/2005 9:26,2,2/15/2006 21:30
29,5/25/2005 3:47,611,44,5/30/2005 0:31,2,2/15/2006 21:30
30,5/25/2005 4:01,3744,430,5/30/2005 3:12,1,2/15/2006 21:30
31,5/25/2005 4:05,4482,369,5/30/2005 7:15,1,2/15/2006 21:30
32,5/25/2005 4:06,3832,230,5/25/2005 23:55,1,2/15/2006 21:30
33,5/25/2005 4:18,1681,272,5/27/2005 3:58,1,2/15/2006 21:30
34,5/25/2005 4:19,2613,597,5/29/2005 0:10,2,2/15/2006 21:30
35,5/25/2005 4:24,1286,484,5/27/2005 7:02,2,2/15/2006 21:30
36,5/25/2005 4:36,1308,88,5/29/2005 0:31,1,2/15/2006 21:30
37,5/25/2005 4:44,403,535,5/29/2005 1:03,1,2/15/2006 21:30
38,5/25/2005 4:47,2540,302,6/1/2005 0:58,1,2/15/2006 21:30
39,5/25/2005 4:51,4466,207,5/31/2005 3:14,2,2/15/2006 21:30
40,5/25/2005 5:09,2638,413,5/27/2005 23:12,1,2/15/2006 21:30
41,5/25/2005 5:12,1761,174,6/2/2005 0:28,1,2/15/2006 21:30
42,5/25/2005 5:24,380,523,5/31/2005 2:47,2,2/15/2006 21:30
43,5/25/2005 5:39,2578,532,5/26/2005 6:54,2,2/15/2006 21:30
44,5/25/2005 5:53,3098,207,5/29/2005 10:56,2,2/15/2006 21:30
45,5/25/2005 5:59,1853,436,6/2/2005 9:56,2,2/15/2006 21:30
46,5/25/2005 6:04,3318,7,6/2/2005 8:18,2,2/15/2006 21:30
47,5/25/2005 6:05,2211,35,5/30/2005 3:04,1,2/15/2006 21:30
48,5/25/2005 6:20,1780,282,6/2/2005 5:42,1,2/15/2006 21:30
49,5/25/2005 6:39,2965,498,5/30/2005 10:12,2,2/15/2006 21:30
50,5/25/2005 6:44,1983,18,5/28/2005 11:28,2,2/15/2006 21:30
51,5/25/2005 6:49,1257,256,5/26/2005 6:42,1,2/15/2006 21:30
52,5/25/2005 6:51,4017,507,5/31/2005 1:27,2,2/15/2006 21:30
53,5/25/2005 7:19,1255,569,5/27/2005 5:19,2,2/15/2006 21:30
54,5/25/2005 7:23,2787,291,6/1/2005 5:05,2,2/15/2006 21:30
55,5/25/2005 8:26,1139,131,5/30/2005 10:57,1,2/15/2006 21:30
56,5/25/2005 8:28,1352,511,5/26/2005 14:21,1,2/15/2006 21:30
57,5/25/2005 8:43,3938,6,5/29/2005 6:42,2,2/15/2006 21:30
58,5/25/2005 8:53,3050,323,5/28/2005 14:40,1,2/15/2006 21:30
59,5/25/2005 8:56,2884,408,6/1/2005 9:52,1,2/15/2006 21:30
60,5/25/2005 8:58,330,470,5/30/2005 14:14,1,2/15/2006 21:30
61,5/25/2005 9:01,4210,250,6/2/2005 7:22,2,2/15/2006 21:30
62,5/25/2005 9:18,261,419,5/30/2005 10:55,1,2/15/2006 21:30
63,5/25/2005 9:19,4008,383,5/27/2005 4:24,1,2/15/2006 21:30
64,5/25/2005 9:21,79,368,6/3/2005 11:31,1,2/15/2006 21:30
65,5/25/2005 9:32,3552,346,5/29/2005 14:21,1,2/15/2006 21:30
66,5/25/2005 9:35,1162,86,5/29/2005 4:16,2,2/15/2006 21:30
67,5/25/2005 9:41,239,119,5/27/2005 13:46,2,2/15/2006 21:30
68,5/25/2005 9:47,4029,120,5/31/2005 10:20,2,2/15/2006 21:30
69,5/25/2005 10:10,3207,305,5/27/2005 14:02,2,2/15/2006 21:30
70,5/25/2005 10:15,2168,73,5/27/2005 5:56,2,2/15/2006 21:30
71,5/25/2005 10:26,2408,100,5/28/2005 4:59,1,2/15/2006 21:30
72,5/25/2005 10:52,2260,48,5/28/2005 5:52,2,2/15/2006 21:30
73,5/25/2005 11:00,517,391,6/1/2005 13:56,2,2/15/2006 21:30
74,5/25/2005 11:09,1744,265,5/26/2005 12:23,2,2/15/2006 21:30
75,5/25/2005 11:13,3393,510,6/3/2005 12:58,1,2/15/2006 21:30
76,5/25/2005 11:30,3021,1,6/3/2005 12:00,2,2/15/2006 21:30
77,5/25/2005 11:31,1303,451,5/26/2005 16:53,2,2/15/2006 21:30
78,5/25/2005 11:35,4067,135,5/31/2005 12:48,2,2/15/2006 21:30
79,5/25/2005 12:11,3299,245,6/3/2005 10:54,2,2/15/2006 21:30
80,5/25/2005 12:12,2478,314,5/31/2005 17:46,2,2/15/2006 21:30
81,5/25/2005 12:15,2610,286,6/2/2005 14:08,2,2/15/2006 21:30
82,5/25/2005 12:17,1388,427,6/1/2005 10:48,1,2/15/2006 21:30
83,5/25/2005 12:30,466,131,5/27/2005 15:40,1,2/15/2006 21:30
84,5/25/2005 12:36,1829,492,5/29/2005 18:33,1,2/15/2006 21:30
85,5/25/2005 13:05,470,414,5/29/2005 16:53,1,2/15/2006 21:30
86,5/25/2005 13:36,2275,266,5/30/2005 14:53,1,2/15/2006 21:30
87,5/25/2005 13:52,1586,331,5/29/2005 11:12,2,2/15/2006 21:30
88,5/25/2005 14:13,2221,53,5/29/2005 9:32,2,2/15/2006 21:30
89,5/25/2005 14:28,2181,499,5/29/2005 14:33,1,2/15/2006 21:30
90,5/25/2005 14:31,2984,25,6/1/2005 10:07,1,2/15/2006 21:30
91,5/25/2005 14:57,139,267,6/1/2005 18:32,1,2/15/2006 21:30
92,5/25/2005 15:38,775,302,5/31/2005 13:40,2,2/15/2006 21:30
93,5/25/2005 15:54,4360,288,6/3/2005 20:18,1,2/15/2006 21:30
94,5/25/2005 16:03,1675,197,5/30/2005 14:23,1,2/15/2006 21:30
95,5/25/2005 16:12,178,400,6/2/2005 18:55,2,2/15/2006 21:30
96,5/25/2005 16:32,3418,49,5/30/2005 10:47,2,2/15/2006 21:30
97,5/25/2005 16:34,1283,263,5/28/2005 12:13,2,2/15/2006 21:30
98,5/25/2005 16:48,2970,269,5/27/2005 11:29,2,2/15/2006 21:30
99,5/25/2005 16:50,535,44,5/28/2005 18:52,1,2/15/2006 21:30
100,5/25/2005 16:50,2599,208,6/2/2005 22:11,1,2/15/2006 21:30
101,5/25/2005 17:17,617,468,5/31/2005 19:47,1,2/15/2006 21:30
102,5/25/2005 17:22,373,343,5/31/2005 19:47,1,2/15/2006 21:30
103,5/25/2005 17:30,3343,384,6/3/2005 22:36,1,2/15/2006 21:30
104,5/25/2005 17:46,4281,310,5/27/2005 15:20,1,2/15/2006 21:30
105,5/25/2005 17:54,794,108,5/30/2005 12:03,2,2/15/2006 21:30
106,5/25/2005 18:18,3627,196,6/4/2005 0:01,2,2/15/2006 21:30
107,5/25/2005 18:28,2833,317,6/3/2005 22:46,2,2/15/2006 21:30
108,5/25/2005 18:30,3289,242,5/30/2005 19:40,1,2/15/2006 21:30
109,5/25/2005 18:40,1044,503,5/29/2005 20:39,2,2/15/2006 21:30
110,5/25/2005 18:43,4108,19,6/3/2005 18:13,2,2/15/2006 21:30
111,5/25/2005 18:45,3725,227,5/28/2005 17:18,1,2/15/2006 21:30
112,5/25/2005 18:57,2153,500,6/2/2005 20:44,1,2/15/2006 21:30
113,5/25/2005 19:07,2963,93,5/27/2005 22:16,2,2/15/2006 21:30
114,5/25/2005 19:12,4502,506,6/1/2005 23:10,1,2/15/2006 21:30
115,5/25/2005 19:13,749,455,5/29/2005 20:17,1,2/15/2006 21:30
116,5/25/2005 19:27,4453,18,5/26/2005 16:23,1,2/15/2006 21:30
117,5/25/2005 19:30,4278,7,5/31/2005 23:59,2,2/15/2006 21:30
118,5/25/2005 19:31,872,524,5/31/2005 15:00,1,2/15/2006 21:30
119,5/25/2005 19:37,1359,51,5/29/2005 23:51,2,2/15/2006 21:30
120,5/25/2005 19:37,37,365,6/1/2005 23:29,2,2/15/2006 21:30
121,5/25/2005 19:41,1053,405,5/29/2005 21:31,1,2/15/2006 21:30
122,5/25/2005 19:46,2908,273,6/2/2005 19:07,1,2/15/2006 21:30
123,5/25/2005 20:26,1795,43,5/26/2005 19:41,1,2/15/2006 21:30
124,5/25/2005 20:46,212,246,5/30/2005 0:47,2,2/15/2006 21:30
125,5/25/2005 20:48,952,368,6/2/2005 21:39,1,2/15/2006 21:30
126,5/25/2005 21:07,2047,439,5/28/2005 18:51,1,2/15/2006 21:30
127,5/25/2005 21:10,2026,94,6/2/2005 21:38,1,2/15/2006 21:30
128,5/25/2005 21:19,4322,40,5/29/2005 23:34,1,2/15/2006 21:30
129,5/25/2005 21:20,4154,23,6/4/2005 1:25,2,2/15/2006 21:30
130,5/25/2005 21:21,3990,56,5/30/2005 22:41,2,2/15/2006 21:30
131,5/25/2005 21:42,815,325,5/30/2005 23:25,2,2/15/2006 21:30
132,5/25/2005 21:46,3367,479,5/31/2005 21:02,1,2/15/2006 21:30
133,5/25/2005 21:48,399,237,5/30/2005 0:26,2,2/15/2006 21:30
134,5/25/2005 21:48,2272,222,6/2/2005 18:28,1,2/15/2006 21:30
135,5/25/2005 21:58,103,304,6/3/2005 17:50,1,2/15/2006 21:30
136,5/25/2005 22:02,2296,504,5/31/2005 18:06,1,2/15/2006 21:30
137,5/25/2005 22:25,2591,560,6/1/2005 2:30,2,2/15/2006 21:30
138,5/25/2005 22:48,4134,586,5/29/2005 20:21,2,2/15/2006 21:30
139,5/25/2005 23:00,327,257,5/29/2005 17:12,1,2/15/2006 21:30
140,5/25/2005 23:34,655,354,5/27/2005 1:10,1,2/15/2006 21:30
141,5/25/2005 23:34,811,89,6/2/2005 1:57,1,2/15/2006 21:30
142,5/25/2005 23:43,4407,472,5/29/2005 0:46,2,2/15/2006 21:30
143,5/25/2005 23:45,847,297,5/27/2005 21:41,2,2/15/2006 21:30
144,5/25/2005 23:49,1689,357,6/1/2005 21:41,2,2/15/2006 21:30
145,5/25/2005 23:59,3905,82,5/31/2005 2:56,1,2/15/2006 21:30
146,5/26/2005 0:07,1431,433,6/4/2005 0:20,2,2/15/2006 21:30
147,5/26/2005 0:17,633,274,5/29/2005 23:21,2,2/15/2006 21:30
148,5/26/2005 0:25,4252,142,6/1/2005 19:29,2,2/15/2006 21:30
149,5/26/2005 0:28,1084,319,6/2/2005 21:30,2,2/15/2006 21:30
150,5/26/2005 0:28,909,429,6/1/2005 2:10,2,2/15/2006 21:30
151,5/26/2005 0:37,2942,14,5/30/2005 6:28,1,2/15/2006 21:30
152,5/26/2005 0:41,2622,57,6/3/2005 6:05,1,2/15/2006 21:30
153,5/26/2005 0:47,3888,348,5/27/2005 21:28,1,2/15/2006 21:30
154,5/26/2005 0:55,1354,185,5/29/2005 23:18,2,2/15/2006 21:30
155,5/26/2005 1:15,288,551,6/1/2005 0:03,1,2/15/2006 21:30
156,5/26/2005 1:19,3193,462,5/27/2005 23:43,1,2/15/2006 21:30
157,5/26/2005 1:25,887,344,5/26/2005 21:17,2,2/15/2006 21:30
158,5/26/2005 1:27,2395,354,6/3/2005 0:30,2,2/15/2006 21:30
159,5/26/2005 1:34,3453,505,5/29/2005 4:00,1,2/15/2006 21:30
160,5/26/2005 1:46,1885,290,6/1/2005 5:45,1,2/15/2006 21:30
161,5/26/2005 1:51,2941,182,5/27/2005 5:42,1,2/15/2006 21:30
162,5/26/2005 2:02,1229,296,5/27/2005 3:38,2,2/15/2006 21:30
163,5/26/2005 2:26,2306,104,6/4/2005 6:36,1,2/15/2006 21:30
164,5/26/2005 2:26,1070,151,5/28/2005 0:32,1,2/15/2006 21:30
165,5/26/2005 2:28,2735,33,6/2/2005 3:21,1,2/15/2006 21:30
166,5/26/2005 2:49,3894,322,5/31/2005 1:28,1,2/15/2006 21:30
167,5/26/2005 2:50,865,401,5/27/2005 3:07,1,2/15/2006 21:30
168,5/26/2005 3:07,2714,469,6/2/2005 2:09,2,2/15/2006 21:30
169,5/26/2005 3:09,1758,381,5/27/2005 1:37,2,2/15/2006 21:30
170,5/26/2005 3:11,3688,107,6/2/2005 3:53,1,2/15/2006 21:30
171,5/26/2005 3:14,4483,400,6/3/2005 0:24,2,2/15/2006 21:30
172,5/26/2005 3:17,2873,176,5/29/2005 4:11,2,2/15/2006 21:30
173,5/26/2005 3:42,3596,533,5/28/2005 1:37,2,2/15/2006 21:30
174,5/26/2005 3:44,3954,552,5/28/2005 7:13,2,2/15/2006 21:30
175,5/26/2005 3:46,4346,47,6/3/2005 6:01,2,2/15/2006 21:30
176,5/26/2005 3:47,851,250,6/1/2005 2:36,2,2/15/2006 21:30
177,5/26/2005 4:14,3545,548,6/1/2005 8:16,2,2/15/2006 21:30
178,5/26/2005 4:21,1489,196,6/4/2005 7:09,2,2/15/2006 21:30
179,5/26/2005 4:26,2575,19,6/3/2005 10:06,1,2/15/2006 21:30
180,5/26/2005 4:46,2752,75,6/1/2005 9:58,1,2/15/2006 21:30
181,5/26/2005 4:47,2417,587,5/29/2005 6:34,2,2/15/2006 21:30
182,5/26/2005 4:49,4396,237,6/1/2005 5:43,2,2/15/2006 21:30
183,5/26/2005 5:01,2877,254,6/1/2005 9:04,1,2/15/2006 21:30
184,5/26/2005 5:29,1970,556,5/28/2005 10:10,1,2/15/2006 21:30
185,5/26/2005 5:30,2598,125,6/2/2005 9:48,2,2/15/2006 21:30
186,5/26/2005 5:32,1799,468,6/3/2005 7:19,2,2/15/2006 21:30
187,5/26/2005 5:42,4004,515,6/4/2005 0:38,1,2/15/2006 21:30
188,5/26/2005 5:47,3342,243,5/26/2005 23:48,1,2/15/2006 21:30
189,5/26/2005 6:01,984,247,5/27/2005 6:11,1,2/15/2006 21:30
190,5/26/2005 6:11,3962,533,6/1/2005 9:44,1,2/15/2006 21:30
191,5/26/2005 6:14,4365,412,5/28/2005 5:33,1,2/15/2006 21:30
192,5/26/2005 6:20,1897,437,6/2/2005 10:57,1,2/15/2006 21:30
193,5/26/2005 6:41,3900,270,5/30/2005 6:21,2,2/15/2006 21:30
194,5/26/2005 6:52,1337,29,5/30/2005 4:08,2,2/15/2006 21:30
195,5/26/2005 6:52,506,564,5/31/2005 2:47,2,2/15/2006 21:30
196,5/26/2005 6:55,190,184,5/27/2005 10:54,1,2/15/2006 21:30
197,5/26/2005 6:59,4212,546,6/3/2005 5:04,2,2/15/2006 21:30
198,5/26/2005 7:03,1789,54,6/4/2005 11:45,1,2/15/2006 21:30
199,5/26/2005 7:11,2135,71,5/28/2005 9:06,1,2/15/2006 21:30
200,5/26/2005 7:12,3926,321,5/31/2005 12:07,1,2/15/2006 21:30
201,5/26/2005 7:13,776,444,6/4/2005 2:02,2,2/15/2006 21:30
202,5/26/2005 7:27,674,20,6/2/2005 3:52,1,2/15/2006 21:30
203,5/26/2005 7:27,3374,109,6/3/2005 12:52,1,2/15/2006 21:30
204,5/26/2005 7:30,1842,528,5/30/2005 8:11,1,2/15/2006 21:30
205,5/26/2005 7:59,303,114,5/29/2005 9:43,2,2/15/2006 21:30
206,5/26/2005 8:01,1717,345,5/27/2005 6:26,1,2/15/2006 21:30
207,5/26/2005 8:04,102,47,5/27/2005 9:32,2,2/15/2006 21:30
208,5/26/2005 8:10,3669,274,5/27/2005 3:55,1,2/15/2006 21:30
209,5/26/2005 8:14,729,379,5/27/2005 9:00,1,2/15/2006 21:30
210,5/26/2005 8:14,1801,391,5/27/2005 12:12,2,2/15/2006 21:30
211,5/26/2005 8:33,4005,170,5/28/2005 14:09,1,2/15/2006 21:30
212,5/26/2005 8:34,764,59,5/30/2005 12:46,2,2/15/2006 21:30
213,5/26/2005 8:44,1505,394,5/31/2005 12:33,2,2/15/2006 21:30
214,5/26/2005 8:48,1453,98,5/31/2005 4:06,2,2/15/2006 21:30
215,5/26/2005 9:02,679,197,5/28/2005 9:45,2,2/15/2006 21:30
216,5/26/2005 9:17,1398,91,6/3/2005 8:21,1,2/15/2006 21:30
217,5/26/2005 9:24,4395,121,5/31/2005 3:24,2,2/15/2006 21:30
218,5/26/2005 9:27,2291,309,6/4/2005 11:53,2,2/15/2006 21:30
219,5/26/2005 9:41,3074,489,5/28/2005 4:40,1,2/15/2006 21:30
220,5/26/2005 10:06,1259,542,6/1/2005 7:43,1,2/15/2006 21:30
221,5/26/2005 10:14,3578,143,5/29/2005 5:57,1,2/15/2006 21:30
222,5/26/2005 10:14,2745,83,5/31/2005 8:36,2,2/15/2006 21:30
223,5/26/2005 10:15,3121,460,5/30/2005 11:43,1,2/15/2006 21:30
224,5/26/2005 10:18,4285,318,6/4/2005 6:59,1,2/15/2006 21:30
225,5/26/2005 10:27,651,467,6/1/2005 7:01,2,2/15/2006 21:30
226,5/26/2005 10:44,4181,221,5/31/2005 13:26,2,2/15/2006 21:30
227,5/26/2005 10:51,214,301,5/30/2005 7:24,1,2/15/2006 21:30
228,5/26/2005 10:54,511,571,6/4/2005 9:39,1,2/15/2006 21:30
229,5/26/2005 11:19,1131,312,5/31/2005 11:56,2,2/15/2006 21:30
230,5/26/2005 11:31,1085,58,5/30/2005 15:22,1,2/15/2006 21:30
231,5/26/2005 11:31,4032,365,5/27/2005 7:27,1,2/15/2006 21:30
232,5/26/2005 11:38,2945,256,5/27/2005 8:42,2,2/15/2006 21:30
233,5/26/2005 11:43,715,531,5/28/2005 17:28,2,2/15/2006 21:30
234,5/26/2005 11:47,1321,566,6/3/2005 10:39,2,2/15/2006 21:30
235,5/26/2005 11:51,3537,119,6/4/2005 9:36,1,2/15/2006 21:30
236,5/26/2005 11:53,1265,446,5/28/2005 13:55,1,2/15/2006 21:30
237,5/26/2005 12:15,241,536,5/29/2005 18:10,1,2/15/2006 21:30
238,5/26/2005 12:30,503,211,5/27/2005 6:49,1,2/15/2006 21:30
239,5/26/2005 12:30,131,49,6/1/2005 13:26,2,2/15/2006 21:30
240,5/26/2005 12:40,3420,103,6/4/2005 7:22,1,2/15/2006 21:30
241,5/26/2005 12:49,4438,245,5/28/2005 11:43,2,2/15/2006 21:30
242,5/26/2005 13:05,2095,214,6/2/2005 15:26,1,2/15/2006 21:30
243,5/26/2005 13:06,1721,543,6/3/2005 17:28,2,2/15/2006 21:30
244,5/26/2005 13:40,1041,257,5/31/2005 11:58,1,2/15/2006 21:30
245,5/26/2005 13:46,3045,158,5/27/2005 9:58,2,2/15/2006 21:30
246,5/26/2005 13:57,2829,240,5/29/2005 10:12,2,2/15/2006 21:30
247,5/26/2005 14:01,4095,102,5/28/2005 13:38,2,2/15/2006 21:30
248,5/26/2005 14:07,1913,545,5/31/2005 14:03,2,2/15/2006 21:30
249,5/26/2005 14:19,2428,472,5/28/2005 17:47,2,2/15/2006 21:30
250,5/26/2005 14:30,368,539,5/27/2005 8:50,1,2/15/2006 21:30
251,5/26/2005 14:35,4352,204,5/29/2005 17:17,1,2/15/2006 21:30
252,5/26/2005 14:39,1203,187,6/2/2005 14:48,1,2/15/2006 21:30
253,5/26/2005 14:43,2969,416,5/27/2005 12:21,1,2/15/2006 21:30
254,5/26/2005 14:43,1835,390,5/31/2005 9:19,2,2/15/2006 21:30
255,5/26/2005 14:52,3264,114,5/27/2005 12:45,1,2/15/2006 21:30
256,5/26/2005 15:20,3194,436,5/31/2005 15:58,1,2/15/2006 21:30
257,5/26/2005 15:27,2570,373,5/29/2005 16:25,2,2/15/2006 21:30
258,5/26/2005 15:28,3534,502,5/30/2005 18:38,2,2/15/2006 21:30
259,5/26/2005 15:32,30,482,6/4/2005 15:27,2,2/15/2006 21:30
260,5/26/2005 15:42,435,21,5/31/2005 13:21,2,2/15/2006 21:30
261,5/26/2005 15:44,1369,414,6/2/2005 9:47,2,2/15/2006 21:30
262,5/26/2005 15:46,4261,236,5/28/2005 15:49,2,2/15/2006 21:30
263,5/26/2005 15:47,1160,449,5/30/2005 10:07,2,2/15/2006 21:30
264,5/26/2005 16:00,2069,251,5/27/2005 10:12,2,2/15/2006 21:30
265,5/26/2005 16:07,2276,303,6/1/2005 14:20,1,2/15/2006 21:30
266,5/26/2005 16:08,3303,263,5/27/2005 10:55,2,2/15/2006 21:30
267,5/26/2005 16:16,1206,417,5/30/2005 16:53,2,2/15/2006 21:30
268,5/26/2005 16:19,1714,75,5/27/2005 14:35,1,2/15/2006 21:30
269,5/26/2005 16:19,3501,322,5/27/2005 15:59,2,2/15/2006 21:30
270,5/26/2005 16:20,207,200,6/3/2005 12:40,2,2/15/2006 21:30
271,5/26/2005 16:22,2388,92,6/3/2005 17:30,2,2/15/2006 21:30
272,5/26/2005 16:27,971,71,6/3/2005 13:10,2,2/15/2006 21:30
273,5/26/2005 16:29,1590,193,5/29/2005 18:49,2,2/15/2006 21:30
274,5/26/2005 16:48,656,311,6/3/2005 18:17,1,2/15/2006 21:30
275,5/26/2005 17:09,1718,133,6/4/2005 22:35,1,2/15/2006 21:30
276,5/26/2005 17:16,1221,58,6/3/2005 12:59,1,2/15/2006 21:30
277,5/26/2005 17:32,1409,45,5/28/2005 22:54,1,2/15/2006 21:30
278,5/26/2005 17:40,182,214,6/2/2005 16:43,2,2/15/2006 21:30
279,5/26/2005 18:02,661,384,6/3/2005 18:48,2,2/15/2006 21:30
280,5/26/2005 18:36,1896,167,5/27/2005 23:42,1,2/15/2006 21:30
281,5/26/2005 18:49,1208,582,5/27/2005 18:11,2,2/15/2006 21:30
282,5/26/2005 18:56,4486,282,6/1/2005 16:32,2,2/15/2006 21:30
283,5/26/2005 19:05,3530,242,5/31/2005 19:19,1,2/15/2006 21:30
284,5/26/2005 19:21,350,359,6/4/2005 14:18,2,2/15/2006 21:30
285,5/26/2005 19:41,2486,162,5/31/2005 16:58,2,2/15/2006 21:30
286,5/26/2005 19:44,314,371,6/4/2005 18:00,2,2/15/2006 21:30
287,5/26/2005 19:44,3631,17,6/2/2005 1:10,1,2/15/2006 21:30
288,5/26/2005 19:47,3546,82,6/3/2005 20:53,2,2/15/2006 21:30
289,5/26/2005 20:01,2449,81,5/28/2005 15:09,1,2/15/2006 21:30
290,5/26/2005 20:08,2776,429,5/30/2005 0:32,1,2/15/2006 21:30
291,5/26/2005 20:20,485,577,6/3/2005 2:06,2,2/15/2006 21:30
292,5/26/2005 20:22,4264,515,6/5/2005 0:58,1,2/15/2006 21:30
293,5/26/2005 20:27,1828,158,6/3/2005 16:45,2,2/15/2006 21:30
294,5/26/2005 20:29,2751,369,5/28/2005 17:20,1,2/15/2006 21:30
295,5/26/2005 20:33,4030,65,5/27/2005 18:23,2,2/15/2006 21:30
296,5/26/2005 20:35,3878,468,6/4/2005 2:31,2,2/15/2006 21:30
297,5/26/2005 20:48,1594,48,5/27/2005 19:52,2,2/15/2006 21:30
298,5/26/2005 20:52,1083,460,5/29/2005 22:08,2,2/15/2006 21:30
299,5/26/2005 20:55,4376,448,5/28/2005 0:25,2,2/15/2006 21:30
300,5/26/2005 20:57,249,47,6/5/2005 1:34,2,2/15/2006 21:30
301,5/26/2005 21:06,3448,274,6/1/2005 1:54,2,2/15/2006 21:30
302,5/26/2005 21:13,2921,387,6/3/2005 15:49,2,2/15/2006 21:30
303,5/26/2005 21:16,1111,596,5/27/2005 23:41,2,2/15/2006 21:30
304,5/26/2005 21:21,1701,534,6/2/2005 0:05,1,2/15/2006 21:30
305,5/26/2005 21:22,2665,464,6/2/2005 22:33,2,2/15/2006 21:30
306,5/26/2005 21:31,2781,547,5/28/2005 19:37,1,2/15/2006 21:30
307,5/26/2005 21:48,1097,375,6/4/2005 22:24,1,2/15/2006 21:30
308,5/26/2005 22:01,187,277,6/4/2005 20:24,2,2/15/2006 21:30
309,5/26/2005 22:38,1946,251,6/2/2005 3:10,2,2/15/2006 21:30
310,5/26/2005 22:41,593,409,6/2/2005 4:09,1,2/15/2006 21:30
311,5/26/2005 22:51,2830,201,6/1/2005 0:02,1,2/15/2006 21:30
312,5/26/2005 22:52,2008,143,6/2/2005 18:14,2,2/15/2006 21:30
313,5/26/2005 22:56,4156,594,5/29/2005 1:29,2,2/15/2006 21:30
314,5/26/2005 23:09,2851,203,5/28/2005 22:49,2,2/15/2006 21:30
315,5/26/2005 23:12,2847,238,5/29/2005 23:33,1,2/15/2006 21:30
316,5/26/2005 23:22,3828,249,5/29/2005 23:25,2,2/15/2006 21:30
317,5/26/2005 23:23,26,391,6/1/2005 19:56,2,2/15/2006 21:30
318,5/26/2005 23:37,2559,60,6/3/2005 4:31,2,2/15/2006 21:30
319,5/26/2005 23:52,3024,77,5/30/2005 18:55,1,2/15/2006 21:30
320,5/27/2005 0:09,1090,2,5/28/2005 4:30,2,2/15/2006 21:30
322,5/27/2005 0:47,4556,496,6/2/2005 0:32,1,2/15/2006 21:30
323,5/27/2005 0:49,2362,144,5/30/2005 3:12,1,2/15/2006 21:30
324,5/27/2005 1:00,3364,292,5/30/2005 4:27,1,2/15/2006 21:30
325,5/27/2005 1:09,2510,449,5/31/2005 7:01,2,2/15/2006 21:30
326,5/27/2005 1:10,3979,432,6/4/2005 20:25,2,2/15/2006 21:30
327,5/27/2005 1:18,2678,105,6/4/2005 4:06,1,2/15/2006 21:30
328,5/27/2005 1:29,2524,451,6/1/2005 2:27,1,2/15/2006 21:30
329,5/27/2005 1:57,2659,231,5/31/2005 4:19,2,2/15/2006 21:30
330,5/27/2005 2:15,1536,248,6/4/2005 5:09,2,2/15/2006 21:30
331,5/27/2005 2:22,1872,67,6/5/2005 0:25,1,2/15/2006 21:30
332,5/27/2005 2:27,1529,299,6/3/2005 1:26,2,2/15/2006 21:30
333,5/27/2005 2:52,4001,412,6/1/2005 0:55,2,2/15/2006 21:30
334,5/27/2005 3:03,3973,194,5/29/2005 3:54,1,2/15/2006 21:30
335,5/27/2005 3:07,1411,16,6/5/2005 0:15,2,2/15/2006 21:30
336,5/27/2005 3:15,1811,275,5/29/2005 22:43,1,2/15/2006 21:30
337,5/27/2005 3:22,751,19,6/2/2005 3:27,1,2/15/2006 21:30
338,5/27/2005 3:42,2596,165,6/1/2005 5:23,2,2/15/2006 21:30
339,5/27/2005 3:47,2410,516,6/4/2005 5:46,2,2/15/2006 21:30
340,5/27/2005 3:55,946,209,6/4/2005 7:57,2,2/15/2006 21:30
341,5/27/2005 4:01,4168,56,6/5/2005 8:51,1,2/15/2006 21:30
342,5/27/2005 4:11,4019,539,5/29/2005 1:28,2,2/15/2006 21:30
343,5/27/2005 4:13,3301,455,5/28/2005 8:34,1,2/15/2006 21:30
344,5/27/2005 4:30,2327,236,5/29/2005 10:13,2,2/15/2006 21:30
345,5/27/2005 4:32,1396,144,5/31/2005 9:50,1,2/15/2006 21:30
346,5/27/2005 4:34,4319,14,6/5/2005 4:24,2,2/15/2006 21:30
347,5/27/2005 4:40,1625,378,5/28/2005 9:56,2,2/15/2006 21:30
348,5/27/2005 4:50,1825,473,6/1/2005 4:43,1,2/15/2006 21:30
349,5/27/2005 4:53,2920,36,5/28/2005 6:33,2,2/15/2006 21:30
350,5/27/2005 5:01,2756,9,6/4/2005 5:01,2,2/15/2006 21:30
351,5/27/2005 5:39,3371,118,6/1/2005 11:10,1,2/15/2006 21:30
352,5/27/2005 5:48,4369,157,5/29/2005 9:05,1,2/15/2006 21:30
353,5/27/2005 6:03,3989,503,6/3/2005 4:39,2,2/15/2006 21:30
354,5/27/2005 6:12,2058,452,6/1/2005 6:48,1,2/15/2006 21:30
355,5/27/2005 6:15,141,446,6/1/2005 2:50,2,2/15/2006 21:30
356,5/27/2005 6:32,2868,382,5/30/2005 6:24,2,2/15/2006 21:30
357,5/27/2005 6:37,4417,198,5/30/2005 7:04,2,2/15/2006 21:30
358,5/27/2005 6:43,1925,102,5/29/2005 11:28,2,2/15/2006 21:30
359,5/27/2005 6:48,1156,152,5/29/2005 3:55,1,2/15/2006 21:30
360,5/27/2005 6:51,3489,594,6/3/2005 1:58,1,2/15/2006 21:30
361,5/27/2005 7:03,6,587,5/31/2005 8:01,1,2/15/2006 21:30
362,5/27/2005 7:10,2324,147,6/1/2005 8:34,1,2/15/2006 21:30
363,5/27/2005 7:14,4282,345,5/28/2005 12:22,2,2/15/2006 21:30
364,5/27/2005 7:20,833,430,5/31/2005 10:44,2,2/15/2006 21:30
365,5/27/2005 7:31,2887,167,6/4/2005 4:46,1,2/15/2006 21:30
366,5/27/2005 7:33,360,134,6/4/2005 1:55,2,2/15/2006 21:30
367,5/27/2005 7:37,3437,439,5/30/2005 5:43,2,2/15/2006 21:30
368,5/27/2005 7:42,1247,361,6/4/2005 11:20,2,2/15/2006 21:30
369,5/27/2005 7:46,944,508,6/1/2005 6:20,2,2/15/2006 21:30
370,5/27/2005 7:49,3347,22,6/5/2005 6:39,2,2/15/2006 21:30
371,5/27/2005 8:08,1235,295,6/5/2005 3:05,2,2/15/2006 21:30
372,5/27/2005 8:13,4089,510,6/4/2005 3:50,2,2/15/2006 21:30
373,5/27/2005 8:16,1649,464,6/1/2005 11:41,1,2/15/2006 21:30
374,5/27/2005 8:26,4420,337,6/5/2005 7:13,1,2/15/2006 21:30
375,5/27/2005 8:49,1815,306,6/4/2005 14:11,1,2/15/2006 21:30
376,5/27/2005 8:58,3197,542,6/2/2005 4:48,1,2/15/2006 21:30
377,5/27/2005 9:04,3012,170,6/2/2005 3:36,2,2/15/2006 21:30
378,5/27/2005 9:23,2242,53,5/29/2005 15:20,1,2/15/2006 21:30
379,5/27/2005 9:25,3462,584,6/2/2005 6:19,1,2/15/2006 21:30
380,5/27/2005 9:34,1777,176,6/4/2005 11:45,1,2/15/2006 21:30
381,5/27/2005 9:43,2748,371,5/31/2005 12:00,1,2/15/2006 21:30
382,5/27/2005 10:12,4358,183,5/31/2005 15:03,1,2/15/2006 21:30
383,5/27/2005 10:12,955,298,6/3/2005 10:37,1,2/15/2006 21:30
384,5/27/2005 10:18,910,371,6/2/2005 9:21,2,2/15/2006 21:30
385,5/27/2005 10:23,1565,213,5/30/2005 15:27,2,2/15/2006 21:30
386,5/27/2005 10:26,1288,109,5/30/2005 8:32,1,2/15/2006 21:30
387,5/27/2005 10:35,2684,506,6/1/2005 13:37,2,2/15/2006 21:30
388,5/27/2005 10:37,434,28,5/30/2005 5:45,1,2/15/2006 21:30
389,5/27/2005 10:45,691,500,6/5/2005 6:22,2,2/15/2006 21:30
390,5/27/2005 11:02,3759,48,6/2/2005 16:09,2,2/15/2006 21:30
391,5/27/2005 11:03,2193,197,6/1/2005 11:59,2,2/15/2006 21:30
392,5/27/2005 11:14,263,359,6/1/2005 14:28,2,2/15/2006 21:30
393,5/27/2005 11:18,145,251,5/28/2005 7:10,2,2/15/2006 21:30
394,5/27/2005 11:26,1890,274,6/3/2005 16:44,2,2/15/2006 21:30
395,5/27/2005 11:45,752,575,5/31/2005 13:42,1,2/15/2006 21:30
396,5/27/2005 11:47,1020,112,5/29/2005 10:14,1,2/15/2006 21:30
397,5/27/2005 12:29,4193,544,5/28/2005 17:36,2,2/15/2006 21:30
398,5/27/2005 12:44,1686,422,6/2/2005 8:19,1,2/15/2006 21:30
399,5/27/2005 12:48,553,204,5/29/2005 15:27,1,2/15/2006 21:30
400,5/27/2005 12:51,258,249,5/31/2005 8:34,2,2/15/2006 21:30
401,5/27/2005 12:57,2179,46,5/29/2005 17:55,2,2/15/2006 21:30
402,5/27/2005 13:17,461,354,5/30/2005 8:53,2,2/15/2006 21:30
403,5/27/2005 13:28,3983,424,5/29/2005 11:47,2,2/15/2006 21:30
404,5/27/2005 13:31,1293,168,5/30/2005 16:58,1,2/15/2006 21:30
405,5/27/2005 13:32,4090,272,6/5/2005 18:53,2,2/15/2006 21:30
406,5/27/2005 13:46,2136,381,5/30/2005 12:43,1,2/15/2006 21:30
407,5/27/2005 13:57,1077,44,5/31/2005 18:23,1,2/15/2006 21:30
408,5/27/2005 13:57,1438,84,5/28/2005 11:57,1,2/15/2006 21:30
409,5/27/2005 14:10,3652,220,6/2/2005 10:40,2,2/15/2006 21:30
410,5/27/2005 14:11,4010,506,6/2/2005 20:06,2,2/15/2006 21:30
411,5/27/2005 14:14,1434,388,6/3/2005 17:39,1,2/15/2006 21:30
412,5/27/2005 14:17,1400,375,5/29/2005 15:07,2,2/15/2006 21:30
413,5/27/2005 14:45,3516,307,6/3/2005 11:11,1,2/15/2006 21:30
414,5/27/2005 14:48,1019,219,5/31/2005 14:39,2,2/15/2006 21:30
415,5/27/2005 14:51,3698,304,5/28/2005 19:07,2,2/15/2006 21:30
416,5/27/2005 15:02,2371,222,5/29/2005 10:34,2,2/15/2006 21:30
417,5/27/2005 15:07,2253,475,5/29/2005 20:01,2,2/15/2006 21:30
418,5/27/2005 15:13,3063,151,6/4/2005 12:05,2,2/15/2006 21:30
419,5/27/2005 15:15,2514,77,6/2/2005 11:53,1,2/15/2006 21:30
420,5/27/2005 15:19,619,93,6/3/2005 15:07,2,2/15/2006 21:30
421,5/27/2005 15:30,2985,246,6/4/2005 13:19,2,2/15/2006 21:30
422,5/27/2005 15:31,1152,150,6/1/2005 11:47,2,2/15/2006 21:30
423,5/27/2005 15:32,1783,284,6/2/2005 19:03,1,2/15/2006 21:30
424,5/27/2005 15:34,2815,35,6/5/2005 9:44,1,2/15/2006 21:30
425,5/27/2005 15:51,1518,182,6/3/2005 16:52,2,2/15/2006 21:30
426,5/27/2005 15:56,1103,522,6/5/2005 11:45,1,2/15/2006 21:30
427,5/27/2005 16:10,1677,288,6/5/2005 13:22,2,2/15/2006 21:30
428,5/27/2005 16:10,3349,161,5/31/2005 17:24,2,2/15/2006 21:30
429,5/27/2005 16:21,129,498,6/5/2005 20:23,2,2/15/2006 21:30
430,5/27/2005 16:22,1920,190,6/5/2005 13:10,1,2/15/2006 21:30
431,5/27/2005 16:31,4507,334,6/5/2005 11:29,1,2/15/2006 21:30
432,5/27/2005 16:40,1119,46,5/29/2005 16:20,1,2/15/2006 21:30
433,5/27/2005 16:40,4364,574,5/30/2005 19:55,2,2/15/2006 21:30
434,5/27/2005 16:54,3360,246,6/4/2005 22:26,1,2/15/2006 21:30
435,5/27/2005 17:17,3328,3,6/2/2005 11:20,2,2/15/2006 21:30
436,5/27/2005 17:21,4317,267,5/30/2005 21:26,2,2/15/2006 21:30
437,5/27/2005 17:47,1800,525,6/5/2005 14:22,2,2/15/2006 21:30
438,5/27/2005 17:52,4260,249,6/5/2005 22:23,2,2/15/2006 21:30
439,5/27/2005 17:54,354,319,6/2/2005 23:01,2,2/15/2006 21:30
440,5/27/2005 18:00,4452,314,5/29/2005 16:15,1,2/15/2006 21:30
441,5/27/2005 18:11,1578,54,5/30/2005 22:45,1,2/15/2006 21:30
442,5/27/2005 18:12,1457,403,5/30/2005 12:30,2,2/15/2006 21:30
443,5/27/2005 18:35,2021,547,6/4/2005 18:58,1,2/15/2006 21:30
444,5/27/2005 18:39,723,239,6/1/2005 15:56,1,2/15/2006 21:30
445,5/27/2005 18:42,1757,293,5/30/2005 22:35,2,2/15/2006 21:30
446,5/27/2005 18:48,1955,401,6/3/2005 16:42,2,2/15/2006 21:30
447,5/27/2005 18:57,3890,133,6/5/2005 18:38,1,2/15/2006 21:30
448,5/27/2005 19:03,2671,247,6/3/2005 20:28,2,2/15/2006 21:30
449,5/27/2005 19:13,2469,172,6/4/2005 1:08,2,2/15/2006 21:30
450,5/27/2005 19:18,1343,247,6/5/2005 23:52,1,2/15/2006 21:30
451,5/27/2005 19:27,205,87,5/29/2005 1:07,2,2/15/2006 21:30
452,5/27/2005 19:30,2993,127,5/30/2005 20:53,2,2/15/2006 21:30
453,5/27/2005 19:31,4425,529,5/29/2005 23:06,1,2/15/2006 21:30
454,5/27/2005 19:31,3499,575,5/30/2005 15:46,1,2/15/2006 21:30
455,5/27/2005 19:43,3344,343,6/4/2005 23:40,2,2/15/2006 21:30
456,5/27/2005 19:50,1699,92,6/2/2005 22:14,1,2/15/2006 21:30
457,5/27/2005 19:52,2368,300,6/2/2005 17:17,2,2/15/2006 21:30
458,5/27/2005 19:58,3350,565,6/6/2005 0:51,1,2/15/2006 21:30
459,5/27/2005 20:00,597,468,5/29/2005 22:47,1,2/15/2006 21:30
460,5/27/2005 20:02,4238,240,5/28/2005 16:14,1,2/15/2006 21:30
461,5/27/2005 20:08,2077,447,6/1/2005 14:32,1,2/15/2006 21:30
462,5/27/2005 20:10,2314,364,6/3/2005 21:12,2,2/15/2006 21:30
463,5/27/2005 20:11,826,21,6/4/2005 21:18,1,2/15/2006 21:30
464,5/27/2005 20:42,1313,193,5/30/2005 0:49,2,2/15/2006 21:30
465,5/27/2005 20:44,20,261,6/2/2005 2:43,1,2/15/2006 21:30
466,5/27/2005 20:57,1786,442,5/29/2005 15:52,1,2/15/2006 21:30
467,5/27/2005 21:10,339,557,6/1/2005 16:08,1,2/15/2006 21:30
468,5/27/2005 21:13,2656,101,6/4/2005 15:26,2,2/15/2006 21:30
469,5/27/2005 21:14,4463,154,6/5/2005 21:51,1,2/15/2006 21:30
470,5/27/2005 21:17,1613,504,6/4/2005 17:47,1,2/15/2006 21:30
471,5/27/2005 21:32,2872,209,5/31/2005 0:39,2,2/15/2006 21:30
472,5/27/2005 21:36,1338,528,5/29/2005 21:07,1,2/15/2006 21:30
473,5/27/2005 21:36,802,105,6/5/2005 17:02,1,2/15/2006 21:30
474,5/27/2005 22:11,1474,274,5/31/2005 19:07,1,2/15/2006 21:30
475,5/27/2005 22:16,2520,159,5/28/2005 19:58,1,2/15/2006 21:30
476,5/27/2005 22:31,2451,543,6/3/2005 19:12,1,2/15/2006 21:30
477,5/27/2005 22:33,2437,161,6/2/2005 18:35,2,2/15/2006 21:30
478,5/27/2005 22:38,424,557,5/31/2005 18:39,2,2/15/2006 21:30
479,5/27/2005 22:39,2060,231,6/5/2005 22:46,2,2/15/2006 21:30
480,5/27/2005 22:47,2108,220,6/4/2005 21:17,2,2/15/2006 21:30
481,5/27/2005 22:49,72,445,5/30/2005 17:46,2,2/15/2006 21:30
482,5/27/2005 22:53,4178,546,6/1/2005 22:53,2,2/15/2006 21:30
483,5/27/2005 23:00,1510,32,5/28/2005 21:30,1,2/15/2006 21:30
484,5/27/2005 23:26,3115,491,5/29/2005 21:16,2,2/15/2006 21:30
485,5/27/2005 23:40,2392,105,5/28/2005 22:40,2,2/15/2006 21:30
486,5/27/2005 23:51,1822,398,5/28/2005 20:26,1,2/15/2006 21:30
487,5/28/2005 0:00,3774,569,5/28/2005 19:18,2,2/15/2006 21:30
488,5/28/2005 0:07,393,168,6/3/2005 22:30,2,2/15/2006 21:30
489,5/28/2005 0:09,1940,476,5/31/2005 4:44,2,2/15/2006 21:30
490,5/28/2005 0:09,3524,95,5/30/2005 22:32,2,2/15/2006 21:30
491,5/28/2005 0:13,1326,196,5/29/2005 0:11,2,2/15/2006 21:30
492,5/28/2005 0:24,1999,228,5/28/2005 22:34,1,2/15/2006 21:30
493,5/28/2005 0:34,184,501,5/30/2005 18:40,1,2/15/2006 21:30
494,5/28/2005 0:39,1850,64,6/2/2005 19:35,1,2/15/2006 21:30
495,5/28/2005 0:40,1007,526,5/29/2005 6:07,1,2/15/2006 21:30
496,5/28/2005 0:43,1785,56,6/4/2005 3:56,1,2/15/2006 21:30
497,5/28/2005 0:54,2636,20,6/3/2005 20:47,2,2/15/2006 21:30
498,5/28/2005 1:01,458,287,5/30/2005 21:20,2,2/15/2006 21:30
499,5/28/2005 1:05,2381,199,6/5/2005 19:54,2,2/15/2006 21:30
500,5/28/2005 1:05,4500,145,5/31/2005 20:04,1,2/15/2006 21:30
501,5/28/2005 1:09,601,162,5/30/2005 6:14,2,2/15/2006 21:30
502,5/28/2005 1:34,3131,179,5/31/2005 1:02,2,2/15/2006 21:30
503,5/28/2005 1:35,3005,288,5/28/2005 22:12,2,2/15/2006 21:30
504,5/28/2005 2:05,2086,170,5/30/2005 23:03,1,2/15/2006 21:30
505,5/28/2005 2:06,71,111,5/29/2005 6:57,1,2/15/2006 21:30
506,5/28/2005 2:09,667,469,6/5/2005 20:34,1,2/15/2006 21:30
507,5/28/2005 2:31,3621,421,6/2/2005 5:07,2,2/15/2006 21:30
508,5/28/2005 2:40,4179,434,6/5/2005 3:05,1,2/15/2006 21:30
509,5/28/2005 2:51,3416,147,5/31/2005 6:27,1,2/15/2006 21:30
510,5/28/2005 2:52,4338,113,5/30/2005 21:20,2,2/15/2006 21:30
511,5/28/2005 3:04,3827,296,6/3/2005 4:58,1,2/15/2006 21:30
512,5/28/2005 3:07,2176,231,6/5/2005 2:12,2,2/15/2006 21:30
513,5/28/2005 3:08,225,489,5/29/2005 7:22,1,2/15/2006 21:30
514,5/28/2005 3:09,1697,597,6/5/2005 0:49,2,2/15/2006 21:30
515,5/28/2005 3:10,3369,110,6/4/2005 2:18,2,2/15/2006 21:30
516,5/28/2005 3:11,4357,400,6/4/2005 2:19,1,2/15/2006 21:30
517,5/28/2005 3:17,234,403,5/29/2005 6:33,1,2/15/2006 21:30
518,5/28/2005 3:18,4087,480,5/30/2005 5:32,1,2/15/2006 21:30
519,5/28/2005 3:22,3564,245,6/3/2005 5:06,1,2/15/2006 21:30
520,5/28/2005 3:27,3845,161,6/4/2005 5:47,1,2/15/2006 21:30
521,5/28/2005 3:32,2397,374,5/28/2005 22:37,1,2/15/2006 21:30
522,5/28/2005 3:33,3195,382,5/31/2005 4:23,1,2/15/2006 21:30
523,5/28/2005 3:53,1905,138,5/31/2005 5:58,2,2/15/2006 21:30
524,5/28/2005 3:57,1962,223,5/31/2005 5:20,1,2/15/2006 21:30
525,5/28/2005 4:25,1817,14,6/6/2005 4:18,1,2/15/2006 21:30
526,5/28/2005 4:27,1387,408,5/30/2005 7:52,1,2/15/2006 21:30
527,5/28/2005 4:28,266,169,6/2/2005 8:19,1,2/15/2006 21:30
528,5/28/2005 4:30,1655,359,6/3/2005 10:01,2,2/15/2006 21:30
529,5/28/2005 4:34,2624,469,5/30/2005 0:35,1,2/15/2006 21:30
530,5/28/2005 5:13,3332,312,6/1/2005 10:21,2,2/15/2006 21:30
531,5/28/2005 5:23,1113,589,5/29/2005 8:00,2,2/15/2006 21:30
532,5/28/2005 5:36,2793,120,6/2/2005 1:50,1,2/15/2006 21:30
533,5/28/2005 6:14,4306,528,6/1/2005 6:26,2,2/15/2006 21:30
534,5/28/2005 6:15,992,184,6/6/2005 7:51,1,2/15/2006 21:30
535,5/28/2005 6:16,4209,307,5/31/2005 2:48,1,2/15/2006 21:30
536,5/28/2005 6:17,2962,514,6/3/2005 10:02,2,2/15/2006 21:30
537,5/28/2005 6:20,3095,315,6/5/2005 11:48,2,2/15/2006 21:30
538,5/28/2005 6:21,2262,110,6/2/2005 1:22,2,2/15/2006 21:30
539,5/28/2005 6:26,3427,161,5/30/2005 2:02,1,2/15/2006 21:30
540,5/28/2005 6:40,3321,119,6/6/2005 0:47,1,2/15/2006 21:30
541,5/28/2005 6:41,1662,535,6/2/2005 9:12,2,2/15/2006 21:30
542,5/28/2005 6:42,4444,261,6/3/2005 9:05,1,2/15/2006 21:30
543,5/28/2005 6:43,530,493,6/6/2005 7:16,2,2/15/2006 21:30
544,5/28/2005 7:03,2964,311,6/6/2005 6:23,1,2/15/2006 21:30
545,5/28/2005 7:10,1086,54,6/4/2005 1:47,2,2/15/2006 21:30
546,5/28/2005 7:16,487,20,6/1/2005 8:36,1,2/15/2006 21:30
547,5/28/2005 7:24,2065,506,6/6/2005 1:31,2,2/15/2006 21:30
548,5/28/2005 7:34,3704,450,6/5/2005 3:14,2,2/15/2006 21:30
549,5/28/2005 7:35,1818,159,6/2/2005 9:08,1,2/15/2006 21:30
550,5/28/2005 7:39,3632,432,6/6/2005 12:20,2,2/15/2006 21:30
551,5/28/2005 7:44,3119,315,6/2/2005 12:55,2,2/15/2006 21:30
552,5/28/2005 7:53,23,106,6/4/2005 12:45,2,2/15/2006 21:30
553,5/28/2005 8:14,1349,176,6/2/2005 3:01,2,2/15/2006 21:30
554,5/28/2005 8:23,1951,376,5/31/2005 3:29,2,2/15/2006 21:30
555,5/28/2005 8:31,4397,55,5/30/2005 7:34,2,2/15/2006 21:30
556,5/28/2005 8:31,1814,22,6/6/2005 7:29,2,2/15/2006 21:30
557,5/28/2005 8:36,158,444,6/3/2005 10:42,2,2/15/2006 21:30
558,5/28/2005 8:38,4163,442,6/6/2005 13:52,1,2/15/2006 21:30
559,5/28/2005 8:39,1227,572,6/5/2005 8:38,2,2/15/2006 21:30
560,5/28/2005 8:53,644,463,6/4/2005 12:27,2,2/15/2006 21:30
561,5/28/2005 8:54,928,77,6/5/2005 5:54,1,2/15/2006 21:30
562,5/28/2005 9:01,3390,102,6/2/2005 5:26,2,2/15/2006 21:30
563,5/28/2005 9:10,53,324,6/6/2005 11:32,1,2/15/2006 21:30
564,5/28/2005 9:12,2973,282,5/29/2005 5:07,1,2/15/2006 21:30
565,5/28/2005 9:26,1494,288,6/1/2005 7:28,1,2/15/2006 21:30
566,5/28/2005 9:51,4330,253,6/5/2005 9:35,1,2/15/2006 21:30
567,5/28/2005 9:56,3308,184,6/1/2005 6:41,2,2/15/2006 21:30
568,5/28/2005 9:57,2232,155,5/31/2005 15:44,1,2/15/2006 21:30
569,5/28/2005 10:12,4534,56,6/3/2005 10:08,2,2/15/2006 21:30
570,5/28/2005 10:15,1122,21,5/30/2005 8:32,1,2/15/2006 21:30
571,5/28/2005 10:17,4250,516,6/5/2005 7:56,1,2/15/2006 21:30
572,5/28/2005 10:30,1899,337,6/2/2005 5:04,2,2/15/2006 21:30
573,5/28/2005 10:35,4020,1,6/3/2005 6:32,1,2/15/2006 21:30
574,5/28/2005 10:44,3883,76,6/4/2005 11:42,1,2/15/2006 21:30
575,5/28/2005 10:56,4451,142,6/5/2005 15:39,1,2/15/2006 21:30
576,5/28/2005 10:56,1866,588,6/4/2005 13:15,2,2/15/2006 21:30
577,5/28/2005 11:09,375,6,6/1/2005 13:27,2,2/15/2006 21:30
578,5/28/2005 11:15,2938,173,6/2/2005 9:59,1,2/15/2006 21:30
579,5/28/2005 11:19,3481,181,6/2/2005 13:51,1,2/15/2006 21:30
580,5/28/2005 11:19,3515,17,6/1/2005 10:44,2,2/15/2006 21:30
581,5/28/2005 11:20,1380,186,6/4/2005 12:37,2,2/15/2006 21:30
582,5/28/2005 11:33,4579,198,5/29/2005 8:33,1,2/15/2006 21:30
583,5/28/2005 11:48,2679,386,6/4/2005 7:09,2,2/15/2006 21:30
584,5/28/2005 11:49,1833,69,6/1/2005 11:54,1,2/15/2006 21:30
585,5/28/2005 11:50,3544,490,6/3/2005 15:35,2,2/15/2006 21:30
586,5/28/2005 12:03,898,77,5/29/2005 13:16,1,2/15/2006 21:30
587,5/28/2005 12:05,1413,64,5/30/2005 13:45,2,2/15/2006 21:30
588,5/28/2005 12:08,95,89,5/29/2005 16:25,2,2/15/2006 21:30
589,5/28/2005 12:27,4231,308,6/3/2005 7:15,2,2/15/2006 21:30
590,5/28/2005 13:06,473,462,6/2/2005 9:18,1,2/15/2006 21:30
591,5/28/2005 13:11,377,19,5/29/2005 17:20,2,2/15/2006 21:30
592,5/28/2005 13:21,638,244,5/29/2005 16:55,1,2/15/2006 21:30
593,5/28/2005 13:33,1810,16,5/30/2005 17:10,2,2/15/2006 21:30
594,5/28/2005 13:41,2766,538,5/30/2005 12:00,1,2/15/2006 21:30
595,5/28/2005 13:59,595,294,6/5/2005 15:16,1,2/15/2006 21:30
596,5/28/2005 14:00,821,589,5/29/2005 17:10,1,2/15/2006 21:30
597,5/28/2005 14:01,4469,249,6/6/2005 19:06,2,2/15/2006 21:30
598,5/28/2005 14:04,599,159,6/3/2005 18:00,2,2/15/2006 21:30
599,5/28/2005 14:05,4136,393,6/1/2005 16:41,2,2/15/2006 21:30
600,5/28/2005 14:08,1567,332,6/3/2005 11:57,2,2/15/2006 21:30
601,5/28/2005 14:08,3225,429,6/4/2005 10:50,1,2/15/2006 21:30
602,5/28/2005 14:15,1300,590,6/5/2005 15:16,2,2/15/2006 21:30
603,5/28/2005 14:27,3248,537,5/29/2005 13:13,1,2/15/2006 21:30
604,5/28/2005 14:37,1585,426,6/3/2005 11:03,2,2/15/2006 21:30
605,5/28/2005 14:39,4232,501,6/1/2005 9:28,2,2/15/2006 21:30
606,5/28/2005 14:48,3509,299,6/4/2005 9:44,2,2/15/2006 21:30
607,5/28/2005 15:02,2561,554,5/30/2005 12:54,2,2/15/2006 21:30
608,5/28/2005 15:03,4254,494,6/4/2005 17:14,2,2/15/2006 21:30
609,5/28/2005 15:04,2944,150,6/5/2005 14:47,2,2/15/2006 21:30
610,5/28/2005 15:15,3642,500,6/2/2005 12:30,2,2/15/2006 21:30
611,5/28/2005 15:18,1230,580,5/31/2005 20:15,2,2/15/2006 21:30
612,5/28/2005 15:24,2180,161,5/30/2005 14:22,2,2/15/2006 21:30
613,5/28/2005 15:27,270,595,6/2/2005 20:01,1,2/15/2006 21:30
614,5/28/2005 15:33,280,307,6/4/2005 12:27,2,2/15/2006 21:30
615,5/28/2005 15:35,3397,533,6/3/2005 17:35,2,2/15/2006 21:30
616,5/28/2005 15:45,989,471,6/2/2005 9:55,1,2/15/2006 21:30
617,5/28/2005 15:49,4142,372,5/31/2005 14:29,2,2/15/2006 21:30
618,5/28/2005 15:50,4445,248,6/1/2005 19:45,1,2/15/2006 21:30
619,5/28/2005 15:52,2482,407,6/6/2005 17:55,2,2/15/2006 21:30
620,5/28/2005 15:54,2444,321,6/4/2005 20:26,1,2/15/2006 21:30
621,5/28/2005 15:58,1144,239,5/30/2005 21:54,1,2/15/2006 21:30
622,5/28/2005 15:58,2363,109,6/4/2005 10:13,1,2/15/2006 21:30
623,5/28/2005 16:01,1222,495,5/30/2005 11:19,1,2/15/2006 21:30
624,5/28/2005 16:13,3660,569,6/6/2005 20:35,1,2/15/2006 21:30
625,5/28/2005 16:35,2889,596,6/1/2005 14:19,1,2/15/2006 21:30
626,5/28/2005 16:58,452,584,6/1/2005 14:02,2,2/15/2006 21:30
627,5/28/2005 17:04,425,241,6/4/2005 19:58,2,2/15/2006 21:30
628,5/28/2005 17:05,2513,173,6/6/2005 16:29,2,2/15/2006 21:30
629,5/28/2005 17:19,1527,94,6/2/2005 20:01,2,2/15/2006 21:30
630,5/28/2005 17:24,1254,417,6/5/2005 20:05,2,2/15/2006 21:30
631,5/28/2005 17:36,2465,503,6/3/2005 14:56,2,2/15/2006 21:30
632,5/28/2005 17:37,1287,442,6/3/2005 16:04,1,2/15/2006 21:30
633,5/28/2005 17:37,58,360,6/3/2005 22:49,2,2/15/2006 21:30
634,5/28/2005 17:40,2630,428,6/5/2005 16:18,2,2/15/2006 21:30
635,5/28/2005 17:46,1648,42,6/6/2005 18:24,1,2/15/2006 21:30
636,5/28/2005 17:47,4213,239,6/4/2005 16:32,1,2/15/2006 21:30
637,5/28/2005 18:14,1581,250,5/29/2005 23:48,2,2/15/2006 21:30
638,5/28/2005 18:24,2685,372,6/2/2005 19:03,2,2/15/2006 21:30
639,5/28/2005 18:25,4204,198,5/29/2005 18:22,1,2/15/2006 21:30
640,5/28/2005 18:43,495,465,5/30/2005 13:39,1,2/15/2006 21:30
641,5/28/2005 18:45,3548,396,6/4/2005 15:24,1,2/15/2006 21:30
642,5/28/2005 18:49,140,157,6/1/2005 20:50,2,2/15/2006 21:30
643,5/28/2005 18:52,3105,240,5/31/2005 15:15,2,2/15/2006 21:30
644,5/28/2005 18:59,4304,316,6/4/2005 18:06,1,2/15/2006 21:30
645,5/28/2005 19:14,3128,505,6/5/2005 14:01,1,2/15/2006 21:30
646,5/28/2005 19:16,1922,185,5/31/2005 16:50,2,2/15/2006 21:30
647,5/28/2005 19:22,3435,569,6/1/2005 0:10,1,2/15/2006 21:30
648,5/28/2005 19:25,3476,253,6/3/2005 15:57,2,2/15/2006 21:30
649,5/28/2005 19:35,1781,197,6/5/2005 16:00,1,2/15/2006 21:30
650,5/28/2005 19:45,4384,281,5/29/2005 21:02,1,2/15/2006 21:30
651,5/28/2005 19:46,739,266,5/30/2005 16:29,1,2/15/2006 21:30
652,5/28/2005 20:08,1201,43,5/29/2005 14:57,2,2/15/2006 21:30
653,5/28/2005 20:12,126,327,6/4/2005 14:44,2,2/15/2006 21:30
654,5/28/2005 20:15,2312,23,5/30/2005 22:02,2,2/15/2006 21:30
655,5/28/2005 20:16,331,287,5/31/2005 16:46,2,2/15/2006 21:30
656,5/28/2005 20:18,2846,437,5/30/2005 16:19,1,2/15/2006 21:30
657,5/28/2005 20:23,848,65,6/1/2005 2:11,1,2/15/2006 21:30
658,5/28/2005 20:23,3226,103,6/6/2005 19:31,2,2/15/2006 21:30
659,5/28/2005 20:27,1382,207,5/31/2005 1:36,2,2/15/2006 21:30
660,5/28/2005 20:53,1414,578,5/30/2005 15:26,1,2/15/2006 21:30
661,5/28/2005 21:01,2247,51,6/2/2005 1:22,2,2/15/2006 21:30
662,5/28/2005 21:09,2968,166,6/1/2005 19:00,2,2/15/2006 21:30
663,5/28/2005 21:23,3997,176,6/2/2005 17:39,2,2/15/2006 21:30
664,5/28/2005 21:31,87,523,6/2/2005 20:56,2,2/15/2006 21:30
665,5/28/2005 21:38,1012,415,5/29/2005 21:37,1,2/15/2006 21:30
666,5/28/2005 21:48,3075,437,6/5/2005 16:45,2,2/15/2006 21:30
667,5/28/2005 21:49,797,596,5/31/2005 3:07,1,2/15/2006 21:30
668,5/28/2005 21:54,3528,484,5/29/2005 22:32,1,2/15/2006 21:30
669,5/28/2005 22:03,3677,313,6/3/2005 3:39,1,2/15/2006 21:30
670,5/28/2005 22:04,227,201,6/6/2005 22:43,2,2/15/2006 21:30
671,5/28/2005 22:04,1027,14,6/3/2005 1:21,2,2/15/2006 21:30
672,5/28/2005 22:05,697,306,6/6/2005 2:10,2,2/15/2006 21:30
673,5/28/2005 22:07,1769,468,6/1/2005 23:42,1,2/15/2006 21:30
674,5/28/2005 22:11,1150,87,6/1/2005 23:58,2,2/15/2006 21:30
675,5/28/2005 22:22,1273,338,6/1/2005 2:57,2,2/15/2006 21:30
676,5/28/2005 22:27,2329,490,5/29/2005 20:36,2,2/15/2006 21:30
677,5/28/2005 23:00,4558,194,6/5/2005 19:11,2,2/15/2006 21:30
678,5/28/2005 23:15,3741,269,6/3/2005 4:43,2,2/15/2006 21:30
679,5/28/2005 23:24,907,526,6/6/2005 21:59,2,2/15/2006 21:30
680,5/28/2005 23:27,4147,482,6/2/2005 2:28,2,2/15/2006 21:30
681,5/28/2005 23:39,3346,531,6/1/2005 1:42,1,2/15/2006 21:30
682,5/28/2005 23:53,3160,148,5/29/2005 19:14,2,2/15/2006 21:30
683,5/29/2005 0:09,2038,197,6/2/2005 4:27,1,2/15/2006 21:30
684,5/29/2005 0:13,3242,461,6/4/2005 21:26,2,2/15/2006 21:30
685,5/29/2005 0:17,1385,172,6/5/2005 5:32,2,2/15/2006 21:30
686,5/29/2005 0:27,2441,411,5/30/2005 2:29,1,2/15/2006 21:30
687,5/29/2005 0:32,1731,250,5/31/2005 23:53,1,2/15/2006 21:30
688,5/29/2005 0:45,4135,162,6/2/2005 1:30,1,2/15/2006 21:30
689,5/29/2005 0:46,742,571,6/3/2005 23:48,2,2/15/2006 21:30
690,5/29/2005 0:54,2646,85,6/6/2005 0:45,1,2/15/2006 21:30
691,5/29/2005 1:01,4034,433,6/7/2005 6:21,1,2/15/2006 21:30
692,5/29/2005 1:32,800,18,6/2/2005 3:54,2,2/15/2006 21:30
693,5/29/2005 1:42,635,190,6/3/2005 2:29,2,2/15/2006 21:30
694,5/29/2005 1:49,592,399,6/5/2005 6:52,1,2/15/2006 21:30
695,5/29/2005 1:50,4276,528,6/3/2005 2:28,1,2/15/2006 21:30
696,5/29/2005 1:59,2076,19,6/1/2005 2:45,1,2/15/2006 21:30
697,5/29/2005 2:04,3949,387,6/4/2005 0:47,2,2/15/2006 21:30
698,5/29/2005 2:10,1412,109,6/1/2005 21:52,1,2/15/2006 21:30
699,5/29/2005 2:11,130,246,6/4/2005 20:23,2,2/15/2006 21:30
700,5/29/2005 2:18,500,117,5/30/2005 5:54,1,2/15/2006 21:30
701,5/29/2005 2:26,372,112,6/3/2005 4:59,1,2/15/2006 21:30
702,5/29/2005 2:27,2556,475,5/30/2005 1:52,2,2/15/2006 21:30
703,5/29/2005 2:29,1123,269,6/3/2005 4:54,2,2/15/2006 21:30
704,5/29/2005 2:44,2628,330,6/6/2005 1:51,2,2/15/2006 21:30
705,5/29/2005 2:48,2809,257,5/30/2005 6:21,1,2/15/2006 21:30
706,5/29/2005 3:05,2278,60,6/4/2005 22:48,1,2/15/2006 21:30
707,5/29/2005 3:18,819,252,5/30/2005 2:45,1,2/15/2006 21:30
708,5/29/2005 3:23,3133,127,5/31/2005 21:27,2,2/15/2006 21:30
709,5/29/2005 3:48,2459,479,6/6/2005 5:21,1,2/15/2006 21:30
710,5/29/2005 3:48,194,518,6/3/2005 5:03,1,2/15/2006 21:30
711,5/29/2005 3:49,4581,215,5/31/2005 8:29,2,2/15/2006 21:30
712,5/29/2005 4:02,4191,313,5/30/2005 3:09,2,2/15/2006 21:30
713,5/29/2005 4:10,3664,507,6/7/2005 7:13,1,2/15/2006 21:30
714,5/29/2005 4:15,2010,452,6/1/2005 23:05,2,2/15/2006 21:30
715,5/29/2005 4:22,2030,545,6/5/2005 9:28,1,2/15/2006 21:30
716,5/29/2005 4:35,85,36,6/1/2005 7:42,2,2/15/2006 21:30
717,5/29/2005 4:37,1383,412,5/30/2005 5:48,2,2/15/2006 21:30
718,5/29/2005 4:52,1736,498,6/2/2005 2:27,1,2/15/2006 21:30
719,5/29/2005 5:16,267,245,6/1/2005 7:53,2,2/15/2006 21:30
720,5/29/2005 5:17,3687,480,6/6/2005 2:47,2,2/15/2006 21:30
721,5/29/2005 5:28,1116,44,5/31/2005 11:24,1,2/15/2006 21:30
722,5/29/2005 5:30,4540,259,6/6/2005 4:51,1,2/15/2006 21:30
723,5/29/2005 5:34,3407,309,5/30/2005 5:50,1,2/15/2006 21:30
724,5/29/2005 5:53,3770,416,6/5/2005 4:01,2,2/15/2006 21:30
725,5/29/2005 6:03,4088,245,6/3/2005 8:52,2,2/15/2006 21:30
726,5/29/2005 6:05,933,452,6/5/2005 4:40,2,2/15/2006 21:30
727,5/29/2005 6:08,1629,484,5/30/2005 7:16,1,2/15/2006 21:30
728,5/29/2005 6:12,242,551,6/3/2005 7:41,1,2/15/2006 21:30
729,5/29/2005 6:35,1688,323,6/4/2005 3:23,2,2/15/2006 21:30
730,5/29/2005 7:00,3473,197,6/6/2005 1:17,1,2/15/2006 21:30
731,5/29/2005 7:25,4124,5,5/30/2005 5:21,1,2/15/2006 21:30
732,5/29/2005 7:32,2530,447,5/30/2005 10:08,2,2/15/2006 21:30
733,5/29/2005 7:35,2951,363,6/5/2005 9:14,1,2/15/2006 21:30
734,5/29/2005 7:38,3084,538,6/3/2005 10:17,2,2/15/2006 21:30
735,5/29/2005 8:08,3421,454,6/7/2005 13:35,1,2/15/2006 21:30
736,5/29/2005 8:10,3689,276,6/5/2005 10:21,2,2/15/2006 21:30
737,5/29/2005 8:11,769,589,6/4/2005 11:18,2,2/15/2006 21:30
738,5/29/2005 8:20,2284,256,6/6/2005 8:59,2,2/15/2006 21:30
739,5/29/2005 8:28,1183,84,6/6/2005 9:21,2,2/15/2006 21:30
740,5/29/2005 8:30,600,89,6/4/2005 12:47,2,2/15/2006 21:30
741,5/29/2005 8:35,3189,495,6/4/2005 11:55,1,2/15/2006 21:30
742,5/29/2005 8:36,273,483,6/5/2005 11:30,1,2/15/2006 21:30
743,5/29/2005 8:39,2528,548,6/6/2005 8:42,2,2/15/2006 21:30
744,5/29/2005 9:13,3722,420,6/1/2005 7:05,2,2/15/2006 21:30
745,5/29/2005 9:22,581,152,6/1/2005 9:10,1,2/15/2006 21:30
746,5/29/2005 9:25,4272,130,6/2/2005 4:20,2,2/15/2006 21:30
747,5/29/2005 9:26,1993,291,6/5/2005 7:28,1,2/15/2006 21:30
748,5/29/2005 9:27,2803,7,6/3/2005 4:25,1,2/15/2006 21:30
749,5/29/2005 9:33,1146,375,5/31/2005 11:45,2,2/15/2006 21:30
750,5/29/2005 9:41,730,269,5/30/2005 13:31,1,2/15/2006 21:30
751,5/29/2005 9:55,2711,53,6/2/2005 4:54,1,2/15/2006 21:30
752,5/29/2005 10:14,1720,126,6/4/2005 6:30,1,2/15/2006 21:30
753,5/29/2005 10:16,1021,135,6/5/2005 8:52,2,2/15/2006 21:30
754,5/29/2005 10:18,734,281,6/4/2005 5:03,2,2/15/2006 21:30
755,5/29/2005 10:26,3090,576,6/1/2005 10:25,2,2/15/2006 21:30
756,5/29/2005 10:28,3152,201,6/4/2005 12:50,1,2/15/2006 21:30
757,5/29/2005 10:29,1067,435,6/7/2005 15:27,1,2/15/2006 21:30
758,5/29/2005 10:31,1191,563,6/1/2005 14:53,2,2/15/2006 21:30
759,5/29/2005 10:57,2367,179,6/7/2005 16:23,2,2/15/2006 21:30
760,5/29/2005 11:07,3250,77,6/2/2005 14:16,1,2/15/2006 21:30
761,5/29/2005 11:09,2342,58,6/3/2005 16:18,2,2/15/2006 21:30
762,5/29/2005 11:15,3683,146,6/6/2005 7:48,1,2/15/2006 21:30
763,5/29/2005 11:32,2022,50,5/31/2005 17:31,1,2/15/2006 21:30
764,5/29/2005 11:37,1069,149,5/31/2005 16:47,1,2/15/2006 21:30
765,5/29/2005 11:38,515,69,6/2/2005 17:04,1,2/15/2006 21:30
766,5/29/2005 11:47,2154,383,6/6/2005 7:14,1,2/15/2006 21:30
767,5/29/2005 12:20,687,67,6/2/2005 14:15,2,2/15/2006 21:30
768,5/29/2005 12:30,2895,566,6/7/2005 9:00,2,2/15/2006 21:30
769,5/29/2005 12:51,1523,575,6/1/2005 17:43,1,2/15/2006 21:30
770,5/29/2005 12:56,2491,405,6/7/2005 15:54,2,2/15/2006 21:30
771,5/29/2005 12:59,353,476,6/1/2005 16:05,2,2/15/2006 21:30
772,5/29/2005 13:08,3319,556,6/6/2005 8:19,1,2/15/2006 21:30
773,5/29/2005 13:18,245,563,6/7/2005 17:22,1,2/15/2006 21:30
774,5/29/2005 13:19,1188,575,6/1/2005 18:51,1,2/15/2006 21:30
775,5/29/2005 13:23,1197,124,5/30/2005 7:53,2,2/15/2006 21:30
776,5/29/2005 13:35,4339,113,6/3/2005 17:33,1,2/15/2006 21:30
777,5/29/2005 14:07,451,360,6/3/2005 8:41,2,2/15/2006 21:30
778,5/29/2005 14:09,1816,535,6/5/2005 20:05,1,2/15/2006 21:30
779,5/29/2005 14:17,533,105,6/6/2005 16:46,1,2/15/2006 21:30
780,5/29/2005 14:18,1919,300,6/6/2005 20:14,1,2/15/2006 21:30
781,5/29/2005 14:23,88,313,5/30/2005 17:44,1,2/15/2006 21:30
782,5/29/2005 14:38,2255,596,6/2/2005 13:18,2,2/15/2006 21:30
783,5/29/2005 14:41,3046,53,6/6/2005 10:39,2,2/15/2006 21:30
784,5/29/2005 14:44,2936,352,6/1/2005 17:28,2,2/15/2006 21:30
785,5/29/2005 15:08,39,72,5/30/2005 15:51,1,2/15/2006 21:30
786,5/29/2005 15:17,2637,439,6/7/2005 10:07,2,2/15/2006 21:30
787,5/29/2005 16:03,3919,27,6/7/2005 11:07,2,2/15/2006 21:30
788,5/29/2005 16:13,763,562,5/31/2005 16:40,1,2/15/2006 21:30
789,5/29/2005 16:17,708,553,6/6/2005 18:15,1,2/15/2006 21:30
790,5/29/2005 16:19,2858,593,6/2/2005 17:22,2,2/15/2006 21:30
791,5/29/2005 16:30,1554,284,6/1/2005 19:11,1,2/15/2006 21:30
792,5/29/2005 16:32,2841,261,5/31/2005 18:01,1,2/15/2006 21:30
793,5/29/2005 16:44,379,528,6/6/2005 19:21,2,2/15/2006 21:30
794,5/29/2005 16:44,1995,50,6/5/2005 16:11,1,2/15/2006 21:30
795,5/29/2005 16:57,609,551,6/1/2005 11:33,2,2/15/2006 21:30
796,5/29/2005 16:59,2697,26,6/3/2005 16:22,2,2/15/2006 21:30
797,5/29/2005 17:12,1446,244,6/3/2005 16:06,1,2/15/2006 21:30
798,5/29/2005 17:23,1102,134,6/1/2005 13:06,2,2/15/2006 21:30
799,5/29/2005 17:24,1713,429,6/5/2005 12:25,1,2/15/2006 21:30
800,5/29/2005 17:28,441,472,5/30/2005 14:59,1,2/15/2006 21:30
801,5/29/2005 17:35,1642,402,6/4/2005 17:05,2,2/15/2006 21:30
802,5/29/2005 17:38,785,350,5/31/2005 22:42,2,2/15/2006 21:30
803,5/29/2005 17:52,1602,32,5/30/2005 14:35,2,2/15/2006 21:30
804,5/29/2005 18:10,3909,171,6/6/2005 22:53,1,2/15/2006 21:30
805,5/29/2005 18:18,3132,232,6/7/2005 15:11,2,2/15/2006 21:30
806,5/29/2005 18:31,2386,435,5/31/2005 0:18,2,2/15/2006 21:30
807,5/29/2005 18:50,2195,235,6/3/2005 18:36,2,2/15/2006 21:30
808,5/29/2005 19:08,1928,104,6/6/2005 20:32,2,2/15/2006 21:30
809,5/29/2005 19:10,2114,222,6/5/2005 19:05,2,2/15/2006 21:30
810,5/29/2005 19:12,2533,346,6/4/2005 21:12,2,2/15/2006 21:30
811,5/29/2005 19:30,4419,401,6/2/2005 16:19,2,2/15/2006 21:30
812,5/29/2005 20:00,1099,225,5/30/2005 19:43,2,2/15/2006 21:30
813,5/29/2005 20:14,4554,344,6/5/2005 20:56,1,2/15/2006 21:30
814,5/29/2005 20:16,1572,134,6/7/2005 17:47,1,2/15/2006 21:30
815,5/29/2005 20:24,3757,14,6/3/2005 15:32,1,2/15/2006 21:30
816,5/29/2005 20:26,630,474,6/6/2005 22:31,2,2/15/2006 21:30
817,5/29/2005 20:39,186,554,5/31/2005 18:24,1,2/15/2006 21:30
818,5/29/2005 20:47,4106,321,6/2/2005 23:18,2,2/15/2006 21:30
819,5/29/2005 21:00,623,511,6/2/2005 15:15,2,2/15/2006 21:30
820,5/29/2005 21:07,2584,22,6/7/2005 0:22,2,2/15/2006 21:30
821,5/29/2005 21:31,3380,348,6/4/2005 22:49,1,2/15/2006 21:30
822,5/29/2005 21:36,2634,480,6/7/2005 17:24,1,2/15/2006 21:30
823,5/29/2005 21:39,3249,441,5/30/2005 22:06,1,2/15/2006 21:30
824,5/29/2005 21:45,3518,357,5/31/2005 19:01,1,2/15/2006 21:30
825,5/29/2005 21:49,712,371,6/4/2005 20:27,2,2/15/2006 21:30
826,5/29/2005 21:56,2263,207,6/8/2005 3:18,1,2/15/2006 21:30
827,5/29/2005 21:58,62,573,6/6/2005 0:54,1,2/15/2006 21:30
828,5/29/2005 22:14,2468,217,5/30/2005 17:22,1,2/15/2006 21:30
829,5/29/2005 22:16,1684,371,6/6/2005 1:38,1,2/15/2006 21:30
830,5/29/2005 22:43,3464,3,6/1/2005 17:43,1,2/15/2006 21:30
831,5/29/2005 22:50,3912,509,6/6/2005 2:27,1,2/15/2006 21:30
832,5/29/2005 22:51,1381,159,6/7/2005 17:37,2,2/15/2006 21:30
833,5/29/2005 23:21,2898,417,6/2/2005 18:40,1,2/15/2006 21:30
834,5/29/2005 23:24,3628,84,5/30/2005 22:00,2,2/15/2006 21:30
835,5/29/2005 23:37,299,381,6/2/2005 23:38,1,2/15/2006 21:30
836,5/29/2005 23:56,3140,368,5/31/2005 4:11,2,2/15/2006 21:30
837,5/30/2005 0:02,977,172,6/2/2005 5:31,2,2/15/2006 21:30
838,5/30/2005 0:27,2859,504,6/6/2005 22:19,2,2/15/2006 21:30
839,5/30/2005 0:28,1886,337,6/8/2005 2:43,1,2/15/2006 21:30
840,5/30/2005 0:28,4049,79,5/31/2005 20:39,2,2/15/2006 21:30
841,5/30/2005 0:31,4318,387,6/2/2005 19:14,1,2/15/2006 21:30
842,5/30/2005 0:32,2328,238,6/1/2005 2:21,1,2/15/2006 21:30
843,5/30/2005 0:44,2214,313,5/31/2005 0:58,2,2/15/2006 21:30
844,5/30/2005 0:58,536,429,6/1/2005 0:38,1,2/15/2006 21:30
845,5/30/2005 1:17,2001,72,6/7/2005 2:00,1,2/15/2006 21:30
846,5/30/2005 1:17,938,49,6/1/2005 0:56,2,2/15/2006 21:30
847,5/30/2005 1:18,4387,380,6/6/2005 20:20,2,2/15/2006 21:30
848,5/30/2005 1:19,1363,436,6/5/2005 23:40,1,2/15/2006 21:30
849,5/30/2005 1:23,2424,449,6/7/2005 1:50,1,2/15/2006 21:30
850,5/30/2005 1:35,2390,517,5/31/2005 1:51,1,2/15/2006 21:30
851,5/30/2005 1:35,2780,530,6/6/2005 7:27,1,2/15/2006 21:30
852,5/30/2005 1:36,1622,549,6/1/2005 22:44,1,2/15/2006 21:30
853,5/30/2005 1:43,3693,122,6/1/2005 2:05,1,2/15/2006 21:30
854,5/30/2005 1:56,921,369,6/1/2005 6:34,2,2/15/2006 21:30
855,5/30/2005 2:00,2527,406,6/3/2005 20:16,2,2/15/2006 21:30
856,5/30/2005 2:01,3969,53,6/7/2005 3:25,1,2/15/2006 21:30
857,5/30/2005 2:01,2569,204,6/2/2005 6:07,2,2/15/2006 21:30
858,5/30/2005 2:10,1258,358,6/1/2005 4:42,1,2/15/2006 21:30
859,5/30/2005 2:36,3032,79,6/2/2005 7:49,2,2/15/2006 21:30
860,5/30/2005 2:45,578,276,6/8/2005 7:28,1,2/15/2006 21:30
861,5/30/2005 2:48,3711,502,6/6/2005 5:43,1,2/15/2006 21:30
862,5/30/2005 3:09,1186,328,6/3/2005 21:27,1,2/15/2006 21:30
863,5/30/2005 3:14,3999,379,6/5/2005 4:34,2,2/15/2006 21:30
864,5/30/2005 3:27,2777,544,6/6/2005 8:28,1,2/15/2006 21:30
865,5/30/2005 3:39,3183,154,6/7/2005 8:10,2,2/15/2006 21:30
866,5/30/2005 3:43,2867,8,6/8/2005 4:28,1,2/15/2006 21:30
867,5/30/2005 3:54,3389,99,6/1/2005 22:59,1,2/15/2006 21:30
868,5/30/2005 4:19,3604,28,5/31/2005 2:28,1,2/15/2006 21:30
869,5/30/2005 4:22,3399,296,6/3/2005 9:18,2,2/15/2006 21:30
870,5/30/2005 4:25,2903,391,6/6/2005 4:32,1,2/15/2006 21:30
871,5/30/2005 5:01,4573,303,6/4/2005 6:22,2,2/15/2006 21:30
872,5/30/2005 5:03,3904,548,6/6/2005 10:35,1,2/15/2006 21:30
873,5/30/2005 5:15,4568,375,6/7/2005 0:49,2,2/15/2006 21:30
874,5/30/2005 5:36,363,52,6/1/2005 9:32,1,2/15/2006 21:30
875,5/30/2005 5:38,1428,326,6/6/2005 0:34,2,2/15/2006 21:30
876,5/30/2005 5:41,1471,339,6/7/2005 9:06,2,2/15/2006 21:30
877,5/30/2005 5:48,886,9,6/2/2005 9:30,1,2/15/2006 21:30
878,5/30/2005 5:49,4265,323,6/7/2005 4:35,1,2/15/2006 21:30
879,5/30/2005 5:49,4021,482,6/5/2005 1:45,2,2/15/2006 21:30
880,5/30/2005 6:12,1819,460,6/2/2005 4:35,2,2/15/2006 21:30
881,5/30/2005 6:15,602,242,6/2/2005 10:21,1,2/15/2006 21:30
882,5/30/2005 6:16,3841,477,6/2/2005 11:57,1,2/15/2006 21:30
883,5/30/2005 6:21,2271,399,6/7/2005 4:50,2,2/15/2006 21:30
884,5/30/2005 6:41,4079,17,5/31/2005 7:39,1,2/15/2006 21:30
885,5/30/2005 6:54,646,62,6/3/2005 7:03,2,2/15/2006 21:30
886,5/30/2005 6:54,4356,393,6/1/2005 6:04,2,2/15/2006 21:30
887,5/30/2005 7:10,2727,16,6/1/2005 6:48,2,2/15/2006 21:30
888,5/30/2005 7:13,387,128,6/6/2005 9:50,1,2/15/2006 21:30
889,5/30/2005 7:14,1299,114,5/31/2005 7:56,2,2/15/2006 21:30
890,5/30/2005 7:43,1464,349,6/1/2005 11:26,1,2/15/2006 21:30
891,5/30/2005 7:43,2611,391,6/8/2005 9:21,1,2/15/2006 21:30
892,5/30/2005 8:02,471,274,6/5/2005 12:51,1,2/15/2006 21:30
893,5/30/2005 8:06,3260,502,6/7/2005 8:23,2,2/15/2006 21:30
894,5/30/2005 8:31,1118,400,6/7/2005 12:39,1,2/15/2006 21:30
895,5/30/2005 8:50,2744,192,6/5/2005 10:58,1,2/15/2006 21:30
896,5/30/2005 9:03,2817,207,6/5/2005 7:37,2,2/15/2006 21:30
897,5/30/2005 9:10,1334,432,6/8/2005 3:43,1,2/15/2006 21:30
898,5/30/2005 9:26,3497,384,6/1/2005 10:45,2,2/15/2006 21:30
899,5/30/2005 9:29,1096,156,6/6/2005 12:39,2,2/15/2006 21:30
900,5/30/2005 9:38,3543,586,6/7/2005 11:54,1,2/15/2006 21:30
901,5/30/2005 9:40,760,259,6/2/2005 10:32,1,2/15/2006 21:30
902,5/30/2005 9:53,1514,561,6/7/2005 12:10,1,2/15/2006 21:30
903,5/30/2005 10:11,2423,197,6/3/2005 9:33,1,2/15/2006 21:30
904,5/30/2005 10:19,2466,44,6/5/2005 4:58,2,2/15/2006 21:30
905,5/30/2005 10:25,4372,50,6/6/2005 6:23,1,2/15/2006 21:30
906,5/30/2005 10:30,1862,549,6/7/2005 6:44,2,2/15/2006 21:30
907,5/30/2005 10:37,3320,506,6/2/2005 9:51,1,2/15/2006 21:30
908,5/30/2005 10:38,4427,85,6/3/2005 9:56,1,2/15/2006 21:30
909,5/30/2005 10:43,3775,486,6/8/2005 12:07,1,2/15/2006 21:30
910,5/30/2005 10:46,2601,374,6/4/2005 13:32,1,2/15/2006 21:30
911,5/30/2005 10:50,1404,366,6/7/2005 12:26,2,2/15/2006 21:30
912,5/30/2005 10:58,3200,390,5/31/2005 9:31,2,2/15/2006 21:30
913,5/30/2005 11:04,3213,369,6/7/2005 13:22,2,2/15/2006 21:30
914,5/30/2005 11:06,1393,596,6/4/2005 6:07,2,2/15/2006 21:30
915,5/30/2005 11:20,1859,115,6/2/2005 11:55,1,2/15/2006 21:30
916,5/30/2005 11:25,1290,6,5/31/2005 9:06,1,2/15/2006 21:30
917,5/30/2005 11:27,3629,385,6/2/2005 8:31,1,2/15/2006 21:30
918,5/30/2005 11:32,818,197,5/31/2005 7:55,2,2/15/2006 21:30
919,5/30/2005 11:35,4052,374,6/2/2005 13:16,2,2/15/2006 21:30
920,5/30/2005 11:44,3860,584,6/2/2005 8:19,2,2/15/2006 21:30
921,5/30/2005 11:53,1827,508,6/3/2005 10:00,2,2/15/2006 21:30
922,5/30/2005 11:55,2442,550,6/8/2005 10:12,2,2/15/2006 21:30
923,5/30/2005 11:58,1884,37,6/5/2005 9:57,1,2/15/2006 21:30
924,5/30/2005 12:10,3279,293,6/4/2005 17:28,1,2/15/2006 21:30
925,5/30/2005 12:13,3203,137,6/2/2005 14:41,2,2/15/2006 21:30
926,5/30/2005 12:15,4327,76,6/1/2005 8:53,2,2/15/2006 21:30
927,5/30/2005 12:16,1158,167,5/31/2005 16:20,2,2/15/2006 21:30
928,5/30/2005 12:27,246,79,6/5/2005 13:56,2,2/15/2006 21:30
929,5/30/2005 12:32,4296,536,6/6/2005 12:17,1,2/15/2006 21:30
930,5/30/2005 12:44,2835,141,6/4/2005 10:53,2,2/15/2006 21:30
931,5/30/2005 12:53,3384,421,5/31/2005 14:28,1,2/15/2006 21:30
932,5/30/2005 12:55,719,198,5/31/2005 10:30,2,2/15/2006 21:30
933,5/30/2005 13:08,3672,66,6/1/2005 18:56,1,2/15/2006 21:30
934,5/30/2005 13:24,3595,60,6/8/2005 16:44,2,2/15/2006 21:30
935,5/30/2005 13:29,2421,256,6/2/2005 11:08,1,2/15/2006 21:30
936,5/30/2005 13:52,901,469,6/7/2005 16:56,1,2/15/2006 21:30
937,5/30/2005 14:47,1054,304,6/5/2005 9:53,2,2/15/2006 21:30
938,5/30/2005 14:47,1521,46,6/4/2005 10:10,2,2/15/2006 21:30
939,5/30/2005 14:49,1314,367,6/1/2005 19:00,1,2/15/2006 21:30
940,5/30/2005 15:01,1278,534,6/1/2005 18:26,1,2/15/2006 21:30
941,5/30/2005 15:02,3630,562,6/1/2005 17:19,1,2/15/2006 21:30
942,5/30/2005 15:05,4279,473,6/8/2005 15:59,2,2/15/2006 21:30
943,5/30/2005 15:20,3737,57,6/6/2005 18:53,1,2/15/2006 21:30
944,5/30/2005 15:26,151,131,6/7/2005 18:09,2,2/15/2006 21:30
945,5/30/2005 15:33,1441,357,6/2/2005 15:02,2,2/15/2006 21:30
946,5/30/2005 15:35,1264,486,6/8/2005 11:38,1,2/15/2006 21:30
947,5/30/2005 15:36,4478,62,6/4/2005 18:48,1,2/15/2006 21:30
948,5/30/2005 15:44,585,245,6/8/2005 17:30,2,2/15/2006 21:30
949,5/30/2005 15:50,2202,368,6/3/2005 14:25,1,2/15/2006 21:30
950,5/30/2005 16:06,491,83,6/1/2005 11:43,1,2/15/2006 21:30
951,5/30/2005 16:10,1395,59,5/31/2005 19:01,2,2/15/2006 21:30
952,5/30/2005 16:28,4389,311,6/2/2005 16:12,2,2/15/2006 21:30
953,5/30/2005 16:34,2194,210,5/31/2005 20:34,1,2/15/2006 21:30
954,5/30/2005 16:57,1231,297,6/8/2005 13:30,2,2/15/2006 21:30
955,5/30/2005 16:59,4140,301,5/31/2005 11:58,2,2/15/2006 21:30
956,5/30/2005 17:30,647,296,6/7/2005 13:54,2,2/15/2006 21:30
957,5/30/2005 17:53,4428,440,6/3/2005 15:31,2,2/15/2006 21:30
958,5/30/2005 17:58,548,186,6/1/2005 19:17,2,2/15/2006 21:30
959,5/30/2005 18:07,3108,535,6/2/2005 14:37,2,2/15/2006 21:30
960,5/30/2005 18:13,1966,445,6/4/2005 0:12,2,2/15/2006 21:30
961,5/30/2005 18:16,3293,588,6/4/2005 23:40,2,2/15/2006 21:30
962,5/30/2005 18:45,4535,520,6/5/2005 22:47,1,2/15/2006 21:30
963,5/30/2005 18:52,1921,225,6/7/2005 16:19,2,2/15/2006 21:30
964,5/30/2005 18:53,657,287,6/4/2005 22:32,2,2/15/2006 21:30
965,5/30/2005 19:00,3363,502,5/31/2005 17:10,2,2/15/2006 21:30
966,5/30/2005 19:00,1294,496,5/31/2005 23:51,1,2/15/2006 21:30
967,5/30/2005 19:12,1954,330,6/9/2005 0:02,2,2/15/2006 21:30
968,5/30/2005 19:20,119,576,5/31/2005 18:17,2,2/15/2006 21:30
969,5/30/2005 19:23,443,551,5/31/2005 21:14,1,2/15/2006 21:30
970,5/30/2005 19:50,1520,307,6/9/2005 1:19,1,2/15/2006 21:30
971,5/30/2005 20:10,2911,561,6/6/2005 20:47,1,2/15/2006 21:30
972,5/30/2005 20:21,2,411,6/6/2005 0:36,1,2/15/2006 21:30
973,5/30/2005 20:27,1914,473,6/8/2005 22:47,2,2/15/2006 21:30
974,5/30/2005 20:28,2617,596,6/8/2005 23:45,2,2/15/2006 21:30
975,5/30/2005 21:07,3109,7,6/3/2005 1:48,2,2/15/2006 21:30
976,5/30/2005 21:11,2290,581,6/6/2005 2:16,2,2/15/2006 21:30
977,5/30/2005 21:22,2029,394,6/4/2005 22:32,2,2/15/2006 21:30
978,5/30/2005 21:30,407,154,6/7/2005 16:22,1,2/15/2006 21:30
979,5/30/2005 21:37,3917,279,6/8/2005 0:24,2,2/15/2006 21:30
980,5/30/2005 21:45,4169,273,6/1/2005 20:32,1,2/15/2006 21:30
981,5/30/2005 21:52,2913,326,6/1/2005 3:15,2,2/15/2006 21:30
982,5/30/2005 22:15,3560,524,6/2/2005 16:18,1,2/15/2006 21:30
983,5/30/2005 22:15,63,115,6/2/2005 22:56,1,2/15/2006 21:30
984,5/30/2005 22:17,2305,262,6/1/2005 20:15,2,2/15/2006 21:30
985,5/30/2005 22:18,1573,564,6/4/2005 23:36,1,2/15/2006 21:30
986,5/30/2005 22:22,4045,253,6/1/2005 2:24,1,2/15/2006 21:30
987,5/30/2005 22:59,390,11,6/7/2005 20:56,1,2/15/2006 21:30
988,5/30/2005 23:08,1364,12,6/7/2005 0:22,1,2/15/2006 21:30
989,5/30/2005 23:11,4388,83,6/3/2005 20:36,2,2/15/2006 21:30
990,5/30/2005 23:25,4171,311,6/6/2005 18:41,2,2/15/2006 21:30
991,5/30/2005 23:29,2863,593,6/7/2005 23:16,1,2/15/2006 21:30
992,5/30/2005 23:47,3572,123,6/5/2005 19:01,1,2/15/2006 21:30
993,5/30/2005 23:54,2080,513,6/4/2005 21:27,1,2/15/2006 21:30
994,5/30/2005 23:55,2798,472,6/4/2005 1:00,2,2/15/2006 21:30
995,5/31/2005 0:06,17,150,6/6/2005 2:30,2,2/15/2006 21:30
996,5/31/2005 0:06,2075,331,5/31/2005 21:29,2,2/15/2006 21:30
997,5/31/2005 0:08,4243,216,6/2/2005 0:17,2,2/15/2006 21:30
998,5/31/2005 0:16,3395,389,6/1/2005 22:41,1,2/15/2006 21:30
999,5/31/2005 0:25,4433,413,6/3/2005 6:05,2,2/15/2006 21:30
1000,5/31/2005 0:25,1774,332,6/8/2005 19:42,2,2/15/2006 21:30
1001,5/31/2005 0:46,1498,64,6/6/2005 6:14,2,2/15/2006 21:30
